ISO-10303-21;
HEADER;
FILE_DESCRIPTION(('Open CASCADE Model'),'2;1');
FILE_NAME('Open CASCADE Shape Model','2026-09-16T12:37:09',('Author'),(
    'Open CASCADE'),'Open CASCADE STEP processor 7.9','Open CASCADE 7.9'
  ,'Unknown');
FILE_SCHEMA(('AUTOMOTIVE_DESIGN { 1 0 10303 214 1 1 1 1 }'));
ENDSEC;
DATA;
#1 = APPLICATION_PROTOCOL_DEFINITION('international standard',
  'automotive_design',2000,#2);
#2 = APPLICATION_CONTEXT(
  'core data for automotive mechanical design processes');
#3 = SHAPE_DEFINITION_REPRESENTATION(#4,#10);
#4 = PRODUCT_DEFINITION_SHAPE('','',#5);
#5 = PRODUCT_DEFINITION('design','',#6,#9);
#6 = PRODUCT_DEFINITION_FORMATION('','',#7);
#7 = PRODUCT('Open CASCADE STEP translator 7.9 1',
  'Open CASCADE STEP translator 7.9 1','',(#8));
#8 = PRODUCT_CONTEXT('',#2,'mechanical');
#9 = PRODUCT_DEFINITION_CONTEXT('part definition',#2,'design');
#10 = ADVANCED_BREP_SHAPE_REPRESENTATION('',(#11,#15),#2137);
#11 = AXIS2_PLACEMENT_3D('',#12,#13,#14);
#12 = CARTESIAN_POINT('',(0.,0.,0.));
#13 = DIRECTION('',(0.,0.,1.));
#14 = DIRECTION('',(1.,0.,-0.));
#15 = MANIFOLD_SOLID_BREP('',#16);
#16 = CLOSED_SHELL('',(#17,#727,#803,#874,#901,#928,#935,#1011,#1082,
    #1109,#1136,#1143,#1219,#1293,#1324,#1405,#1433,#1504,#1577,#1644,
    #1688,#1858,#1912,#1966,#2035,#2062,#2088,#2114));
#17 = ADVANCED_FACE('',(#18,#495,#615),#32,.T.);
#18 = FACE_BOUND('',#19,.F.);
#19 = EDGE_LOOP('',(#20,#55,#88,#111,#144,#165,#194,#220,#246,#247,#275,
    #298,#327,#350,#379,#400,#429,#450,#472,#473));
#20 = ORIENTED_EDGE('',*,*,#21,.F.);
#21 = EDGE_CURVE('',#22,#24,#26,.T.);
#22 = VERTEX_POINT('',#23);
#23 = CARTESIAN_POINT('',(0.653834841531,17.6,1.65));
#24 = VERTEX_POINT('',#25);
#25 = CARTESIAN_POINT('',(0.653834841531,-17.6,1.65));
#26 = SURFACE_CURVE('',#27,(#31,#43),.PCURVE_S1.);
#27 = LINE('',#28,#29);
#28 = CARTESIAN_POINT('',(0.653834841531,17.6,1.65));
#29 = VECTOR('',#30,1.);
#30 = DIRECTION('',(0.,-1.,0.));
#31 = PCURVE('',#32,#37);
#32 = CYLINDRICAL_SURFACE('',#33,1.5);
#33 = AXIS2_PLACEMENT_3D('',#34,#35,#36);
#34 = CARTESIAN_POINT('',(0.,0.,3.));
#35 = DIRECTION('',(0.,-1.,-0.));
#36 = DIRECTION('',(1.,0.,0.));
#37 = DEFINITIONAL_REPRESENTATION('',(#38),#42);
#38 = LINE('',#39,#40);
#39 = CARTESIAN_POINT('',(-1.119769514999,-17.6));
#40 = VECTOR('',#41,1.);
#41 = DIRECTION('',(-0.,1.));
#42 = ( GEOMETRIC_REPRESENTATION_CONTEXT(2) 
PARAMETRIC_REPRESENTATION_CONTEXT() REPRESENTATION_CONTEXT('2D SPACE',''
  ) );
#43 = PCURVE('',#44,#49);
#44 = PLANE('',#45);
#45 = AXIS2_PLACEMENT_3D('',#46,#47,#48);
#46 = CARTESIAN_POINT('',(0.,-30.,1.65));
#47 = DIRECTION('',(0.,0.,1.));
#48 = DIRECTION('',(1.,0.,0.));
#49 = DEFINITIONAL_REPRESENTATION('',(#50),#54);
#50 = LINE('',#51,#52);
#51 = CARTESIAN_POINT('',(0.653834841531,47.6));
#52 = VECTOR('',#53,1.);
#53 = DIRECTION('',(0.,-1.));
#54 = ( GEOMETRIC_REPRESENTATION_CONTEXT(2) 
PARAMETRIC_REPRESENTATION_CONTEXT() REPRESENTATION_CONTEXT('2D SPACE',''
  ) );
#55 = ORIENTED_EDGE('',*,*,#56,.T.);
#56 = EDGE_CURVE('',#22,#57,#59,.T.);
#57 = VERTEX_POINT('',#58);
#58 = CARTESIAN_POINT('',(1.5,17.6,3.));
#59 = SURFACE_CURVE('',#60,(#65,#72),.PCURVE_S1.);
#60 = CIRCLE('',#61,1.5);
#61 = AXIS2_PLACEMENT_3D('',#62,#63,#64);
#62 = CARTESIAN_POINT('',(0.,17.6,3.));
#63 = DIRECTION('',(0.,-1.,-0.));
#64 = DIRECTION('',(1.,0.,0.));
#65 = PCURVE('',#32,#66);
#66 = DEFINITIONAL_REPRESENTATION('',(#67),#71);
#67 = LINE('',#68,#69);
#68 = CARTESIAN_POINT('',(-6.28318530718,-17.6));
#69 = VECTOR('',#70,1.);
#70 = DIRECTION('',(1.,-0.));
#71 = ( GEOMETRIC_REPRESENTATION_CONTEXT(2) 
PARAMETRIC_REPRESENTATION_CONTEXT() REPRESENTATION_CONTEXT('2D SPACE',''
  ) );
#72 = PCURVE('',#73,#78);
#73 = PLANE('',#74);
#74 = AXIS2_PLACEMENT_3D('',#75,#76,#77);
#75 = CARTESIAN_POINT('',(0.,17.6,1.15));
#76 = DIRECTION('',(0.,1.,0.));
#77 = DIRECTION('',(0.,0.,1.));
#78 = DEFINITIONAL_REPRESENTATION('',(#79),#87);
#79 = ( BOUNDED_CURVE() B_SPLINE_CURVE(2,(#80,#81,#82,#83,#84,#85,#86),
.UNSPECIFIED.,.T.,.F.) B_SPLINE_CURVE_WITH_KNOTS((1,2,2,2,2,1),(
    -2.094395102393,0.,2.094395102393,4.188790204786,6.28318530718,
8.377580409573),.UNSPECIFIED.) CURVE() GEOMETRIC_REPRESENTATION_ITEM() 
RATIONAL_B_SPLINE_CURVE((1.,0.5,1.,0.5,1.,0.5,1.)) REPRESENTATION_ITEM(
  '') );
#80 = CARTESIAN_POINT('',(1.85,1.5));
#81 = CARTESIAN_POINT('',(4.448076211353,1.5));
#82 = CARTESIAN_POINT('',(3.149038105677,-0.75));
#83 = CARTESIAN_POINT('',(1.85,-3.));
#84 = CARTESIAN_POINT('',(0.550961894323,-0.75));
#85 = CARTESIAN_POINT('',(-0.748076211353,1.5));
#86 = CARTESIAN_POINT('',(1.85,1.5));
#87 = ( GEOMETRIC_REPRESENTATION_CONTEXT(2) 
PARAMETRIC_REPRESENTATION_CONTEXT() REPRESENTATION_CONTEXT('2D SPACE',''
  ) );
#88 = ORIENTED_EDGE('',*,*,#89,.T.);
#89 = EDGE_CURVE('',#57,#90,#92,.T.);
#90 = VERTEX_POINT('',#91);
#91 = CARTESIAN_POINT('',(1.5,26.4,3.));
#92 = SEAM_CURVE('',#93,(#97,#104),.PCURVE_S1.);
#93 = LINE('',#94,#95);
#94 = CARTESIAN_POINT('',(1.5,0.,3.));
#95 = VECTOR('',#96,1.);
#96 = DIRECTION('',(0.,1.,0.));
#97 = PCURVE('',#32,#98);
#98 = DEFINITIONAL_REPRESENTATION('',(#99),#103);
#99 = LINE('',#100,#101);
#100 = CARTESIAN_POINT('',(-0.,0.));
#101 = VECTOR('',#102,1.);
#102 = DIRECTION('',(-0.,-1.));
#103 = ( GEOMETRIC_REPRESENTATION_CONTEXT(2) 
PARAMETRIC_REPRESENTATION_CONTEXT() REPRESENTATION_CONTEXT('2D SPACE',''
  ) );
#104 = PCURVE('',#32,#105);
#105 = DEFINITIONAL_REPRESENTATION('',(#106),#110);
#106 = LINE('',#107,#108);
#107 = CARTESIAN_POINT('',(-6.28318530718,0.));
#108 = VECTOR('',#109,1.);
#109 = DIRECTION('',(-0.,-1.));
#110 = ( GEOMETRIC_REPRESENTATION_CONTEXT(2) 
PARAMETRIC_REPRESENTATION_CONTEXT() REPRESENTATION_CONTEXT('2D SPACE',''
  ) );
#111 = ORIENTED_EDGE('',*,*,#112,.F.);
#112 = EDGE_CURVE('',#113,#90,#115,.T.);
#113 = VERTEX_POINT('',#114);
#114 = CARTESIAN_POINT('',(0.653834841531,26.4,1.65));
#115 = SURFACE_CURVE('',#116,(#121,#128),.PCURVE_S1.);
#116 = CIRCLE('',#117,1.5);
#117 = AXIS2_PLACEMENT_3D('',#118,#119,#120);
#118 = CARTESIAN_POINT('',(0.,26.4,3.));
#119 = DIRECTION('',(0.,-1.,-0.));
#120 = DIRECTION('',(1.,0.,0.));
#121 = PCURVE('',#32,#122);
#122 = DEFINITIONAL_REPRESENTATION('',(#123),#127);
#123 = LINE('',#124,#125);
#124 = CARTESIAN_POINT('',(-6.28318530718,-26.4));
#125 = VECTOR('',#126,1.);
#126 = DIRECTION('',(1.,-0.));
#127 = ( GEOMETRIC_REPRESENTATION_CONTEXT(2) 
PARAMETRIC_REPRESENTATION_CONTEXT() REPRESENTATION_CONTEXT('2D SPACE',''
  ) );
#128 = PCURVE('',#129,#134);
#129 = PLANE('',#130);
#130 = AXIS2_PLACEMENT_3D('',#131,#132,#133);
#131 = CARTESIAN_POINT('',(0.,26.4,1.15));
#132 = DIRECTION('',(0.,1.,0.));
#133 = DIRECTION('',(0.,0.,1.));
#134 = DEFINITIONAL_REPRESENTATION('',(#135),#143);
#135 = ( BOUNDED_CURVE() B_SPLINE_CURVE(2,(#136,#137,#138,#139,#140,#141
,#142),.UNSPECIFIED.,.T.,.F.) B_SPLINE_CURVE_WITH_KNOTS((1,2,2,2,2,1),(
    -2.094395102393,0.,2.094395102393,4.188790204786,6.28318530718,
8.377580409573),.UNSPECIFIED.) CURVE() GEOMETRIC_REPRESENTATION_ITEM() 
RATIONAL_B_SPLINE_CURVE((1.,0.5,1.,0.5,1.,0.5,1.)) REPRESENTATION_ITEM(
  '') );
#136 = CARTESIAN_POINT('',(1.85,1.5));
#137 = CARTESIAN_POINT('',(4.448076211353,1.5));
#138 = CARTESIAN_POINT('',(3.149038105677,-0.75));
#139 = CARTESIAN_POINT('',(1.85,-3.));
#140 = CARTESIAN_POINT('',(0.550961894323,-0.75));
#141 = CARTESIAN_POINT('',(-0.748076211353,1.5));
#142 = CARTESIAN_POINT('',(1.85,1.5));
#143 = ( GEOMETRIC_REPRESENTATION_CONTEXT(2) 
PARAMETRIC_REPRESENTATION_CONTEXT() REPRESENTATION_CONTEXT('2D SPACE',''
  ) );
#144 = ORIENTED_EDGE('',*,*,#145,.F.);
#145 = EDGE_CURVE('',#146,#113,#148,.T.);
#146 = VERTEX_POINT('',#147);
#147 = CARTESIAN_POINT('',(0.653834841531,30.,1.65));
#148 = SURFACE_CURVE('',#149,(#153,#159),.PCURVE_S1.);
#149 = LINE('',#150,#151);
#150 = CARTESIAN_POINT('',(0.653834841531,0.,1.65));
#151 = VECTOR('',#152,1.);
#152 = DIRECTION('',(0.,-1.,-0.));
#153 = PCURVE('',#32,#154);
#154 = DEFINITIONAL_REPRESENTATION('',(#155),#158);
#155 = B_SPLINE_CURVE_WITH_KNOTS('',1,(#156,#157),.UNSPECIFIED.,.F.,.F.,
  (2,2),(-30.0000006,6.E-07),.PIECEWISE_BEZIER_KNOTS.);
#156 = CARTESIAN_POINT('',(-1.119769514999,-30.0000006));
#157 = CARTESIAN_POINT('',(-1.119769514999,6.E-07));
#158 = ( GEOMETRIC_REPRESENTATION_CONTEXT(2) 
PARAMETRIC_REPRESENTATION_CONTEXT() REPRESENTATION_CONTEXT('2D SPACE',''
  ) );
#159 = PCURVE('',#44,#160);
#160 = DEFINITIONAL_REPRESENTATION('',(#161),#164);
#161 = B_SPLINE_CURVE_WITH_KNOTS('',1,(#162,#163),.UNSPECIFIED.,.F.,.F.,
  (2,2),(-30.0000006,6.E-07),.PIECEWISE_BEZIER_KNOTS.);
#162 = CARTESIAN_POINT('',(0.653834841531,60.0000006));
#163 = CARTESIAN_POINT('',(0.653834841531,29.9999994));
#164 = ( GEOMETRIC_REPRESENTATION_CONTEXT(2) 
PARAMETRIC_REPRESENTATION_CONTEXT() REPRESENTATION_CONTEXT('2D SPACE',''
  ) );
#165 = ORIENTED_EDGE('',*,*,#166,.T.);
#166 = EDGE_CURVE('',#146,#167,#169,.T.);
#167 = VERTEX_POINT('',#168);
#168 = CARTESIAN_POINT('',(0.653834841531,30.,4.35));
#169 = SURFACE_CURVE('',#170,(#175,#182),.PCURVE_S1.);
#170 = CIRCLE('',#171,1.5);
#171 = AXIS2_PLACEMENT_3D('',#172,#173,#174);
#172 = CARTESIAN_POINT('',(0.,30.,3.));
#173 = DIRECTION('',(-0.,1.,0.));
#174 = DIRECTION('',(1.,0.,0.));
#175 = PCURVE('',#32,#176);
#176 = DEFINITIONAL_REPRESENTATION('',(#177),#181);
#177 = LINE('',#178,#179);
#178 = CARTESIAN_POINT('',(-0.,-30.));
#179 = VECTOR('',#180,1.);
#180 = DIRECTION('',(-1.,0.));
#181 = ( GEOMETRIC_REPRESENTATION_CONTEXT(2) 
PARAMETRIC_REPRESENTATION_CONTEXT() REPRESENTATION_CONTEXT('2D SPACE',''
  ) );
#182 = PCURVE('',#183,#188);
#183 = PLANE('',#184);
#184 = AXIS2_PLACEMENT_3D('',#185,#186,#187);
#185 = CARTESIAN_POINT('',(-1.139533443783E-16,30.,3.));
#186 = DIRECTION('',(0.,1.,0.));
#187 = DIRECTION('',(0.,-0.,1.));
#188 = DEFINITIONAL_REPRESENTATION('',(#189),#193);
#189 = CIRCLE('',#190,1.5);
#190 = AXIS2_PLACEMENT_2D('',#191,#192);
#191 = CARTESIAN_POINT('',(0.,1.139533443783E-16));
#192 = DIRECTION('',(0.,1.));
#193 = ( GEOMETRIC_REPRESENTATION_CONTEXT(2) 
PARAMETRIC_REPRESENTATION_CONTEXT() REPRESENTATION_CONTEXT('2D SPACE',''
  ) );
#194 = ORIENTED_EDGE('',*,*,#195,.T.);
#195 = EDGE_CURVE('',#167,#196,#198,.T.);
#196 = VERTEX_POINT('',#197);
#197 = CARTESIAN_POINT('',(0.653834841531,26.4,4.35));
#198 = SURFACE_CURVE('',#199,(#203,#209),.PCURVE_S1.);
#199 = LINE('',#200,#201);
#200 = CARTESIAN_POINT('',(0.653834841531,0.,4.35));
#201 = VECTOR('',#202,1.);
#202 = DIRECTION('',(0.,-1.,-0.));
#203 = PCURVE('',#32,#204);
#204 = DEFINITIONAL_REPRESENTATION('',(#205),#208);
#205 = B_SPLINE_CURVE_WITH_KNOTS('',1,(#206,#207),.UNSPECIFIED.,.F.,.F.,
  (2,2),(-30.0000006,6.E-07),.PIECEWISE_BEZIER_KNOTS.);
#206 = CARTESIAN_POINT('',(-5.163415792181,-30.0000006));
#207 = CARTESIAN_POINT('',(-5.163415792181,6.E-07));
#208 = ( GEOMETRIC_REPRESENTATION_CONTEXT(2) 
PARAMETRIC_REPRESENTATION_CONTEXT() REPRESENTATION_CONTEXT('2D SPACE',''
  ) );
#209 = PCURVE('',#210,#215);
#210 = PLANE('',#211);
#211 = AXIS2_PLACEMENT_3D('',#212,#213,#214);
#212 = CARTESIAN_POINT('',(0.,-30.,4.35));
#213 = DIRECTION('',(0.,0.,1.));
#214 = DIRECTION('',(1.,0.,0.));
#215 = DEFINITIONAL_REPRESENTATION('',(#216),#219);
#216 = B_SPLINE_CURVE_WITH_KNOTS('',1,(#217,#218),.UNSPECIFIED.,.F.,.F.,
  (2,2),(-30.0000006,6.E-07),.PIECEWISE_BEZIER_KNOTS.);
#217 = CARTESIAN_POINT('',(0.653834841531,60.0000006));
#218 = CARTESIAN_POINT('',(0.653834841531,29.9999994));
#219 = ( GEOMETRIC_REPRESENTATION_CONTEXT(2) 
PARAMETRIC_REPRESENTATION_CONTEXT() REPRESENTATION_CONTEXT('2D SPACE',''
  ) );
#220 = ORIENTED_EDGE('',*,*,#221,.F.);
#221 = EDGE_CURVE('',#90,#196,#222,.T.);
#222 = SURFACE_CURVE('',#223,(#228,#235),.PCURVE_S1.);
#223 = CIRCLE('',#224,1.5);
#224 = AXIS2_PLACEMENT_3D('',#225,#226,#227);
#225 = CARTESIAN_POINT('',(0.,26.4,3.));
#226 = DIRECTION('',(0.,-1.,-0.));
#227 = DIRECTION('',(1.,0.,0.));
#228 = PCURVE('',#32,#229);
#229 = DEFINITIONAL_REPRESENTATION('',(#230),#234);
#230 = LINE('',#231,#232);
#231 = CARTESIAN_POINT('',(-6.28318530718,-26.4));
#232 = VECTOR('',#233,1.);
#233 = DIRECTION('',(1.,-0.));
#234 = ( GEOMETRIC_REPRESENTATION_CONTEXT(2) 
PARAMETRIC_REPRESENTATION_CONTEXT() REPRESENTATION_CONTEXT('2D SPACE',''
  ) );
#235 = PCURVE('',#129,#236);
#236 = DEFINITIONAL_REPRESENTATION('',(#237),#245);
#237 = ( BOUNDED_CURVE() B_SPLINE_CURVE(2,(#238,#239,#240,#241,#242,#243
,#244),.UNSPECIFIED.,.T.,.F.) B_SPLINE_CURVE_WITH_KNOTS((1,2,2,2,2,1),(
    -2.094395102393,0.,2.094395102393,4.188790204786,6.28318530718,
8.377580409573),.UNSPECIFIED.) CURVE() GEOMETRIC_REPRESENTATION_ITEM() 
RATIONAL_B_SPLINE_CURVE((1.,0.5,1.,0.5,1.,0.5,1.)) REPRESENTATION_ITEM(
  '') );
#238 = CARTESIAN_POINT('',(1.85,1.5));
#239 = CARTESIAN_POINT('',(4.448076211353,1.5));
#240 = CARTESIAN_POINT('',(3.149038105677,-0.75));
#241 = CARTESIAN_POINT('',(1.85,-3.));
#242 = CARTESIAN_POINT('',(0.550961894323,-0.75));
#243 = CARTESIAN_POINT('',(-0.748076211353,1.5));
#244 = CARTESIAN_POINT('',(1.85,1.5));
#245 = ( GEOMETRIC_REPRESENTATION_CONTEXT(2) 
PARAMETRIC_REPRESENTATION_CONTEXT() REPRESENTATION_CONTEXT('2D SPACE',''
  ) );
#246 = ORIENTED_EDGE('',*,*,#89,.F.);
#247 = ORIENTED_EDGE('',*,*,#248,.T.);
#248 = EDGE_CURVE('',#57,#249,#251,.T.);
#249 = VERTEX_POINT('',#250);
#250 = CARTESIAN_POINT('',(0.653834841531,17.6,4.35));
#251 = SURFACE_CURVE('',#252,(#257,#264),.PCURVE_S1.);
#252 = CIRCLE('',#253,1.5);
#253 = AXIS2_PLACEMENT_3D('',#254,#255,#256);
#254 = CARTESIAN_POINT('',(0.,17.6,3.));
#255 = DIRECTION('',(0.,-1.,-0.));
#256 = DIRECTION('',(1.,0.,0.));
#257 = PCURVE('',#32,#258);
#258 = DEFINITIONAL_REPRESENTATION('',(#259),#263);
#259 = LINE('',#260,#261);
#260 = CARTESIAN_POINT('',(-6.28318530718,-17.6));
#261 = VECTOR('',#262,1.);
#262 = DIRECTION('',(1.,-0.));
#263 = ( GEOMETRIC_REPRESENTATION_CONTEXT(2) 
PARAMETRIC_REPRESENTATION_CONTEXT() REPRESENTATION_CONTEXT('2D SPACE',''
  ) );
#264 = PCURVE('',#73,#265);
#265 = DEFINITIONAL_REPRESENTATION('',(#266),#274);
#266 = ( BOUNDED_CURVE() B_SPLINE_CURVE(2,(#267,#268,#269,#270,#271,#272
,#273),.UNSPECIFIED.,.T.,.F.) B_SPLINE_CURVE_WITH_KNOTS((1,2,2,2,2,1),(
    -2.094395102393,0.,2.094395102393,4.188790204786,6.28318530718,
8.377580409573),.UNSPECIFIED.) CURVE() GEOMETRIC_REPRESENTATION_ITEM() 
RATIONAL_B_SPLINE_CURVE((1.,0.5,1.,0.5,1.,0.5,1.)) REPRESENTATION_ITEM(
  '') );
#267 = CARTESIAN_POINT('',(1.85,1.5));
#268 = CARTESIAN_POINT('',(4.448076211353,1.5));
#269 = CARTESIAN_POINT('',(3.149038105677,-0.75));
#270 = CARTESIAN_POINT('',(1.85,-3.));
#271 = CARTESIAN_POINT('',(0.550961894323,-0.75));
#272 = CARTESIAN_POINT('',(-0.748076211353,1.5));
#273 = CARTESIAN_POINT('',(1.85,1.5));
#274 = ( GEOMETRIC_REPRESENTATION_CONTEXT(2) 
PARAMETRIC_REPRESENTATION_CONTEXT() REPRESENTATION_CONTEXT('2D SPACE',''
  ) );
#275 = ORIENTED_EDGE('',*,*,#276,.F.);
#276 = EDGE_CURVE('',#277,#249,#279,.T.);
#277 = VERTEX_POINT('',#278);
#278 = CARTESIAN_POINT('',(0.653834841531,-17.6,4.35));
#279 = SURFACE_CURVE('',#280,(#284,#291),.PCURVE_S1.);
#280 = LINE('',#281,#282);
#281 = CARTESIAN_POINT('',(0.653834841531,-17.6,4.35));
#282 = VECTOR('',#283,1.);
#283 = DIRECTION('',(0.,1.,0.));
#284 = PCURVE('',#32,#285);
#285 = DEFINITIONAL_REPRESENTATION('',(#286),#290);
#286 = LINE('',#287,#288);
#287 = CARTESIAN_POINT('',(-5.163415792181,17.6));
#288 = VECTOR('',#289,1.);
#289 = DIRECTION('',(-0.,-1.));
#290 = ( GEOMETRIC_REPRESENTATION_CONTEXT(2) 
PARAMETRIC_REPRESENTATION_CONTEXT() REPRESENTATION_CONTEXT('2D SPACE',''
  ) );
#291 = PCURVE('',#210,#292);
#292 = DEFINITIONAL_REPRESENTATION('',(#293),#297);
#293 = LINE('',#294,#295);
#294 = CARTESIAN_POINT('',(0.653834841531,12.4));
#295 = VECTOR('',#296,1.);
#296 = DIRECTION('',(0.,1.));
#297 = ( GEOMETRIC_REPRESENTATION_CONTEXT(2) 
PARAMETRIC_REPRESENTATION_CONTEXT() REPRESENTATION_CONTEXT('2D SPACE',''
  ) );
#298 = ORIENTED_EDGE('',*,*,#299,.T.);
#299 = EDGE_CURVE('',#277,#300,#302,.T.);
#300 = VERTEX_POINT('',#301);
#301 = CARTESIAN_POINT('',(1.5,-17.6,3.));
#302 = SURFACE_CURVE('',#303,(#308,#315),.PCURVE_S1.);
#303 = CIRCLE('',#304,1.5);
#304 = AXIS2_PLACEMENT_3D('',#305,#306,#307);
#305 = CARTESIAN_POINT('',(0.,-17.6,3.));
#306 = DIRECTION('',(-0.,1.,0.));
#307 = DIRECTION('',(1.,0.,0.));
#308 = PCURVE('',#32,#309);
#309 = DEFINITIONAL_REPRESENTATION('',(#310),#314);
#310 = LINE('',#311,#312);
#311 = CARTESIAN_POINT('',(0.,17.6));
#312 = VECTOR('',#313,1.);
#313 = DIRECTION('',(-1.,-0.));
#314 = ( GEOMETRIC_REPRESENTATION_CONTEXT(2) 
PARAMETRIC_REPRESENTATION_CONTEXT() REPRESENTATION_CONTEXT('2D SPACE',''
  ) );
#315 = PCURVE('',#316,#321);
#316 = PLANE('',#317);
#317 = AXIS2_PLACEMENT_3D('',#318,#319,#320);
#318 = CARTESIAN_POINT('',(0.,-17.6,1.15));
#319 = DIRECTION('',(0.,1.,0.));
#320 = DIRECTION('',(0.,0.,1.));
#321 = DEFINITIONAL_REPRESENTATION('',(#322),#326);
#322 = CIRCLE('',#323,1.5);
#323 = AXIS2_PLACEMENT_2D('',#324,#325);
#324 = CARTESIAN_POINT('',(1.85,0.));
#325 = DIRECTION('',(0.,1.));
#326 = ( GEOMETRIC_REPRESENTATION_CONTEXT(2) 
PARAMETRIC_REPRESENTATION_CONTEXT() REPRESENTATION_CONTEXT('2D SPACE',''
  ) );
#327 = ORIENTED_EDGE('',*,*,#328,.T.);
#328 = EDGE_CURVE('',#300,#329,#331,.T.);
#329 = VERTEX_POINT('',#330);
#330 = CARTESIAN_POINT('',(1.5,-26.4,3.));
#331 = SEAM_CURVE('',#332,(#336,#343),.PCURVE_S1.);
#332 = LINE('',#333,#334);
#333 = CARTESIAN_POINT('',(1.5,0.,3.));
#334 = VECTOR('',#335,1.);
#335 = DIRECTION('',(-0.,-1.,-0.));
#336 = PCURVE('',#32,#337);
#337 = DEFINITIONAL_REPRESENTATION('',(#338),#342);
#338 = LINE('',#339,#340);
#339 = CARTESIAN_POINT('',(-6.28318530718,-0.));
#340 = VECTOR('',#341,1.);
#341 = DIRECTION('',(0.,1.));
#342 = ( GEOMETRIC_REPRESENTATION_CONTEXT(2) 
PARAMETRIC_REPRESENTATION_CONTEXT() REPRESENTATION_CONTEXT('2D SPACE',''
  ) );
#343 = PCURVE('',#32,#344);
#344 = DEFINITIONAL_REPRESENTATION('',(#345),#349);
#345 = LINE('',#346,#347);
#346 = CARTESIAN_POINT('',(-0.,-0.));
#347 = VECTOR('',#348,1.);
#348 = DIRECTION('',(0.,1.));
#349 = ( GEOMETRIC_REPRESENTATION_CONTEXT(2) 
PARAMETRIC_REPRESENTATION_CONTEXT() REPRESENTATION_CONTEXT('2D SPACE',''
  ) );
#350 = ORIENTED_EDGE('',*,*,#351,.F.);
#351 = EDGE_CURVE('',#352,#329,#354,.T.);
#352 = VERTEX_POINT('',#353);
#353 = CARTESIAN_POINT('',(0.653834841531,-26.4,4.35));
#354 = SURFACE_CURVE('',#355,(#360,#367),.PCURVE_S1.);
#355 = CIRCLE('',#356,1.5);
#356 = AXIS2_PLACEMENT_3D('',#357,#358,#359);
#357 = CARTESIAN_POINT('',(0.,-26.4,3.));
#358 = DIRECTION('',(-0.,1.,0.));
#359 = DIRECTION('',(1.,0.,0.));
#360 = PCURVE('',#32,#361);
#361 = DEFINITIONAL_REPRESENTATION('',(#362),#366);
#362 = LINE('',#363,#364);
#363 = CARTESIAN_POINT('',(0.,26.4));
#364 = VECTOR('',#365,1.);
#365 = DIRECTION('',(-1.,-0.));
#366 = ( GEOMETRIC_REPRESENTATION_CONTEXT(2) 
PARAMETRIC_REPRESENTATION_CONTEXT() REPRESENTATION_CONTEXT('2D SPACE',''
  ) );
#367 = PCURVE('',#368,#373);
#368 = PLANE('',#369);
#369 = AXIS2_PLACEMENT_3D('',#370,#371,#372);
#370 = CARTESIAN_POINT('',(0.,-26.4,1.15));
#371 = DIRECTION('',(0.,1.,0.));
#372 = DIRECTION('',(0.,0.,1.));
#373 = DEFINITIONAL_REPRESENTATION('',(#374),#378);
#374 = CIRCLE('',#375,1.5);
#375 = AXIS2_PLACEMENT_2D('',#376,#377);
#376 = CARTESIAN_POINT('',(1.85,0.));
#377 = DIRECTION('',(0.,1.));
#378 = ( GEOMETRIC_REPRESENTATION_CONTEXT(2) 
PARAMETRIC_REPRESENTATION_CONTEXT() REPRESENTATION_CONTEXT('2D SPACE',''
  ) );
#379 = ORIENTED_EDGE('',*,*,#380,.F.);
#380 = EDGE_CURVE('',#381,#352,#383,.T.);
#381 = VERTEX_POINT('',#382);
#382 = CARTESIAN_POINT('',(0.653834841531,-30.,4.35));
#383 = SURFACE_CURVE('',#384,(#388,#394),.PCURVE_S1.);
#384 = LINE('',#385,#386);
#385 = CARTESIAN_POINT('',(0.653834841531,0.,4.35));
#386 = VECTOR('',#387,1.);
#387 = DIRECTION('',(-0.,1.,0.));
#388 = PCURVE('',#32,#389);
#389 = DEFINITIONAL_REPRESENTATION('',(#390),#393);
#390 = B_SPLINE_CURVE_WITH_KNOTS('',1,(#391,#392),.UNSPECIFIED.,.F.,.F.,
  (2,2),(-30.0000006,6.E-07),.PIECEWISE_BEZIER_KNOTS.);
#391 = CARTESIAN_POINT('',(-5.163415792181,30.0000006));
#392 = CARTESIAN_POINT('',(-5.163415792181,-6.E-07));
#393 = ( GEOMETRIC_REPRESENTATION_CONTEXT(2) 
PARAMETRIC_REPRESENTATION_CONTEXT() REPRESENTATION_CONTEXT('2D SPACE',''
  ) );
#394 = PCURVE('',#210,#395);
#395 = DEFINITIONAL_REPRESENTATION('',(#396),#399);
#396 = B_SPLINE_CURVE_WITH_KNOTS('',1,(#397,#398),.UNSPECIFIED.,.F.,.F.,
  (2,2),(-30.0000006,6.E-07),.PIECEWISE_BEZIER_KNOTS.);
#397 = CARTESIAN_POINT('',(0.653834841531,-5.999999999062E-07));
#398 = CARTESIAN_POINT('',(0.653834841531,30.0000006));
#399 = ( GEOMETRIC_REPRESENTATION_CONTEXT(2) 
PARAMETRIC_REPRESENTATION_CONTEXT() REPRESENTATION_CONTEXT('2D SPACE',''
  ) );
#400 = ORIENTED_EDGE('',*,*,#401,.F.);
#401 = EDGE_CURVE('',#402,#381,#404,.T.);
#402 = VERTEX_POINT('',#403);
#403 = CARTESIAN_POINT('',(0.653834841531,-30.,1.65));
#404 = SURFACE_CURVE('',#405,(#410,#417),.PCURVE_S1.);
#405 = CIRCLE('',#406,1.5);
#406 = AXIS2_PLACEMENT_3D('',#407,#408,#409);
#407 = CARTESIAN_POINT('',(0.,-30.,3.));
#408 = DIRECTION('',(-0.,1.,0.));
#409 = DIRECTION('',(1.,0.,0.));
#410 = PCURVE('',#32,#411);
#411 = DEFINITIONAL_REPRESENTATION('',(#412),#416);
#412 = LINE('',#413,#414);
#413 = CARTESIAN_POINT('',(0.,30.));
#414 = VECTOR('',#415,1.);
#415 = DIRECTION('',(-1.,-0.));
#416 = ( GEOMETRIC_REPRESENTATION_CONTEXT(2) 
PARAMETRIC_REPRESENTATION_CONTEXT() REPRESENTATION_CONTEXT('2D SPACE',''
  ) );
#417 = PCURVE('',#418,#423);
#418 = PLANE('',#419);
#419 = AXIS2_PLACEMENT_3D('',#420,#421,#422);
#420 = CARTESIAN_POINT('',(0.,-30.,1.65));
#421 = DIRECTION('',(0.,1.,0.));
#422 = DIRECTION('',(0.,0.,1.));
#423 = DEFINITIONAL_REPRESENTATION('',(#424),#428);
#424 = CIRCLE('',#425,1.5);
#425 = AXIS2_PLACEMENT_2D('',#426,#427);
#426 = CARTESIAN_POINT('',(1.35,0.));
#427 = DIRECTION('',(0.,1.));
#428 = ( GEOMETRIC_REPRESENTATION_CONTEXT(2) 
PARAMETRIC_REPRESENTATION_CONTEXT() REPRESENTATION_CONTEXT('2D SPACE',''
  ) );
#429 = ORIENTED_EDGE('',*,*,#430,.T.);
#430 = EDGE_CURVE('',#402,#431,#433,.T.);
#431 = VERTEX_POINT('',#432);
#432 = CARTESIAN_POINT('',(0.653834841531,-26.4,1.65));
#433 = SURFACE_CURVE('',#434,(#438,#444),.PCURVE_S1.);
#434 = LINE('',#435,#436);
#435 = CARTESIAN_POINT('',(0.653834841531,0.,1.65));
#436 = VECTOR('',#437,1.);
#437 = DIRECTION('',(-0.,1.,0.));
#438 = PCURVE('',#32,#439);
#439 = DEFINITIONAL_REPRESENTATION('',(#440),#443);
#440 = B_SPLINE_CURVE_WITH_KNOTS('',1,(#441,#442),.UNSPECIFIED.,.F.,.F.,
  (2,2),(-30.0000006,6.E-07),.PIECEWISE_BEZIER_KNOTS.);
#441 = CARTESIAN_POINT('',(-1.119769514999,30.0000006));
#442 = CARTESIAN_POINT('',(-1.119769514999,-6.E-07));
#443 = ( GEOMETRIC_REPRESENTATION_CONTEXT(2) 
PARAMETRIC_REPRESENTATION_CONTEXT() REPRESENTATION_CONTEXT('2D SPACE',''
  ) );
#444 = PCURVE('',#44,#445);
#445 = DEFINITIONAL_REPRESENTATION('',(#446),#449);
#446 = B_SPLINE_CURVE_WITH_KNOTS('',1,(#447,#448),.UNSPECIFIED.,.F.,.F.,
  (2,2),(-30.0000006,6.E-07),.PIECEWISE_BEZIER_KNOTS.);
#447 = CARTESIAN_POINT('',(0.653834841531,-5.999999999062E-07));
#448 = CARTESIAN_POINT('',(0.653834841531,30.0000006));
#449 = ( GEOMETRIC_REPRESENTATION_CONTEXT(2) 
PARAMETRIC_REPRESENTATION_CONTEXT() REPRESENTATION_CONTEXT('2D SPACE',''
  ) );
#450 = ORIENTED_EDGE('',*,*,#451,.F.);
#451 = EDGE_CURVE('',#329,#431,#452,.T.);
#452 = SURFACE_CURVE('',#453,(#458,#465),.PCURVE_S1.);
#453 = CIRCLE('',#454,1.5);
#454 = AXIS2_PLACEMENT_3D('',#455,#456,#457);
#455 = CARTESIAN_POINT('',(0.,-26.4,3.));
#456 = DIRECTION('',(-0.,1.,0.));
#457 = DIRECTION('',(1.,0.,0.));
#458 = PCURVE('',#32,#459);
#459 = DEFINITIONAL_REPRESENTATION('',(#460),#464);
#460 = LINE('',#461,#462);
#461 = CARTESIAN_POINT('',(0.,26.4));
#462 = VECTOR('',#463,1.);
#463 = DIRECTION('',(-1.,-0.));
#464 = ( GEOMETRIC_REPRESENTATION_CONTEXT(2) 
PARAMETRIC_REPRESENTATION_CONTEXT() REPRESENTATION_CONTEXT('2D SPACE',''
  ) );
#465 = PCURVE('',#368,#466);
#466 = DEFINITIONAL_REPRESENTATION('',(#467),#471);
#467 = CIRCLE('',#468,1.5);
#468 = AXIS2_PLACEMENT_2D('',#469,#470);
#469 = CARTESIAN_POINT('',(1.85,0.));
#470 = DIRECTION('',(0.,1.));
#471 = ( GEOMETRIC_REPRESENTATION_CONTEXT(2) 
PARAMETRIC_REPRESENTATION_CONTEXT() REPRESENTATION_CONTEXT('2D SPACE',''
  ) );
#472 = ORIENTED_EDGE('',*,*,#328,.F.);
#473 = ORIENTED_EDGE('',*,*,#474,.T.);
#474 = EDGE_CURVE('',#300,#24,#475,.T.);
#475 = SURFACE_CURVE('',#476,(#481,#488),.PCURVE_S1.);
#476 = CIRCLE('',#477,1.5);
#477 = AXIS2_PLACEMENT_3D('',#478,#479,#480);
#478 = CARTESIAN_POINT('',(0.,-17.6,3.));
#479 = DIRECTION('',(-0.,1.,0.));
#480 = DIRECTION('',(1.,0.,0.));
#481 = PCURVE('',#32,#482);
#482 = DEFINITIONAL_REPRESENTATION('',(#483),#487);
#483 = LINE('',#484,#485);
#484 = CARTESIAN_POINT('',(0.,17.6));
#485 = VECTOR('',#486,1.);
#486 = DIRECTION('',(-1.,-0.));
#487 = ( GEOMETRIC_REPRESENTATION_CONTEXT(2) 
PARAMETRIC_REPRESENTATION_CONTEXT() REPRESENTATION_CONTEXT('2D SPACE',''
  ) );
#488 = PCURVE('',#316,#489);
#489 = DEFINITIONAL_REPRESENTATION('',(#490),#494);
#490 = CIRCLE('',#491,1.5);
#491 = AXIS2_PLACEMENT_2D('',#492,#493);
#492 = CARTESIAN_POINT('',(1.85,0.));
#493 = DIRECTION('',(0.,1.));
#494 = ( GEOMETRIC_REPRESENTATION_CONTEXT(2) 
PARAMETRIC_REPRESENTATION_CONTEXT() REPRESENTATION_CONTEXT('2D SPACE',''
  ) );
#495 = FACE_BOUND('',#496,.F.);
#496 = EDGE_LOOP('',(#497,#532,#558,#591));
#497 = ORIENTED_EDGE('',*,*,#498,.F.);
#498 = EDGE_CURVE('',#499,#501,#503,.T.);
#499 = VERTEX_POINT('',#500);
#500 = CARTESIAN_POINT('',(-0.9,5.5,4.2));
#501 = VERTEX_POINT('',#502);
#502 = CARTESIAN_POINT('',(-1.099818166789,5.5,1.98));
#503 = SURFACE_CURVE('',#504,(#509,#516),.PCURVE_S1.);
#504 = CIRCLE('',#505,1.5);
#505 = AXIS2_PLACEMENT_3D('',#506,#507,#508);
#506 = CARTESIAN_POINT('',(0.,5.5,3.));
#507 = DIRECTION('',(0.,-1.,-0.));
#508 = DIRECTION('',(1.,0.,0.));
#509 = PCURVE('',#32,#510);
#510 = DEFINITIONAL_REPRESENTATION('',(#511),#515);
#511 = LINE('',#512,#513);
#512 = CARTESIAN_POINT('',(-6.28318530718,-5.5));
#513 = VECTOR('',#514,1.);
#514 = DIRECTION('',(1.,-0.));
#515 = ( GEOMETRIC_REPRESENTATION_CONTEXT(2) 
PARAMETRIC_REPRESENTATION_CONTEXT() REPRESENTATION_CONTEXT('2D SPACE',''
  ) );
#516 = PCURVE('',#517,#522);
#517 = PLANE('',#518);
#518 = AXIS2_PLACEMENT_3D('',#519,#520,#521);
#519 = CARTESIAN_POINT('',(-3.,5.5,1.98));
#520 = DIRECTION('',(0.,1.,0.));
#521 = DIRECTION('',(0.,0.,1.));
#522 = DEFINITIONAL_REPRESENTATION('',(#523),#531);
#523 = ( BOUNDED_CURVE() B_SPLINE_CURVE(2,(#524,#525,#526,#527,#528,#529
,#530),.UNSPECIFIED.,.T.,.F.) B_SPLINE_CURVE_WITH_KNOTS((1,2,2,2,2,1),(
    -2.094395102393,0.,2.094395102393,4.188790204786,6.28318530718,
8.377580409573),.UNSPECIFIED.) CURVE() GEOMETRIC_REPRESENTATION_ITEM() 
RATIONAL_B_SPLINE_CURVE((1.,0.5,1.,0.5,1.,0.5,1.)) REPRESENTATION_ITEM(
  '') );
#524 = CARTESIAN_POINT('',(1.02,4.5));
#525 = CARTESIAN_POINT('',(3.618076211353,4.5));
#526 = CARTESIAN_POINT('',(2.319038105677,2.25));
#527 = CARTESIAN_POINT('',(1.02,8.881784197001E-16));
#528 = CARTESIAN_POINT('',(-0.279038105677,2.25));
#529 = CARTESIAN_POINT('',(-1.578076211353,4.5));
#530 = CARTESIAN_POINT('',(1.02,4.5));
#531 = ( GEOMETRIC_REPRESENTATION_CONTEXT(2) 
PARAMETRIC_REPRESENTATION_CONTEXT() REPRESENTATION_CONTEXT('2D SPACE',''
  ) );
#532 = ORIENTED_EDGE('',*,*,#533,.F.);
#533 = EDGE_CURVE('',#534,#499,#536,.T.);
#534 = VERTEX_POINT('',#535);
#535 = CARTESIAN_POINT('',(-0.9,10.5,4.2));
#536 = SURFACE_CURVE('',#537,(#541,#547),.PCURVE_S1.);
#537 = LINE('',#538,#539);
#538 = CARTESIAN_POINT('',(-0.9,0.,4.2));
#539 = VECTOR('',#540,1.);
#540 = DIRECTION('',(0.,-1.,-0.));
#541 = PCURVE('',#32,#542);
#542 = DEFINITIONAL_REPRESENTATION('',(#543),#546);
#543 = B_SPLINE_CURVE_WITH_KNOTS('',1,(#544,#545),.UNSPECIFIED.,.F.,.F.,
  (2,2),(-11.,-5.),.PIECEWISE_BEZIER_KNOTS.);
#544 = CARTESIAN_POINT('',(-4.068887871591,-11.));
#545 = CARTESIAN_POINT('',(-4.068887871591,-5.));
#546 = ( GEOMETRIC_REPRESENTATION_CONTEXT(2) 
PARAMETRIC_REPRESENTATION_CONTEXT() REPRESENTATION_CONTEXT('2D SPACE',''
  ) );
#547 = PCURVE('',#548,#553);
#548 = PLANE('',#549);
#549 = AXIS2_PLACEMENT_3D('',#550,#551,#552);
#550 = CARTESIAN_POINT('',(-3.,5.5,4.2));
#551 = DIRECTION('',(0.,0.,1.));
#552 = DIRECTION('',(1.,0.,0.));
#553 = DEFINITIONAL_REPRESENTATION('',(#554),#557);
#554 = B_SPLINE_CURVE_WITH_KNOTS('',1,(#555,#556),.UNSPECIFIED.,.F.,.F.,
  (2,2),(-11.,-5.),.PIECEWISE_BEZIER_KNOTS.);
#555 = CARTESIAN_POINT('',(2.1,5.5));
#556 = CARTESIAN_POINT('',(2.1,-0.5));
#557 = ( GEOMETRIC_REPRESENTATION_CONTEXT(2) 
PARAMETRIC_REPRESENTATION_CONTEXT() REPRESENTATION_CONTEXT('2D SPACE',''
  ) );
#558 = ORIENTED_EDGE('',*,*,#559,.T.);
#559 = EDGE_CURVE('',#534,#560,#562,.T.);
#560 = VERTEX_POINT('',#561);
#561 = CARTESIAN_POINT('',(-1.099818166789,10.5,1.98));
#562 = SURFACE_CURVE('',#563,(#568,#575),.PCURVE_S1.);
#563 = CIRCLE('',#564,1.5);
#564 = AXIS2_PLACEMENT_3D('',#565,#566,#567);
#565 = CARTESIAN_POINT('',(0.,10.5,3.));
#566 = DIRECTION('',(0.,-1.,-0.));
#567 = DIRECTION('',(1.,0.,0.));
#568 = PCURVE('',#32,#569);
#569 = DEFINITIONAL_REPRESENTATION('',(#570),#574);
#570 = LINE('',#571,#572);
#571 = CARTESIAN_POINT('',(-6.28318530718,-10.5));
#572 = VECTOR('',#573,1.);
#573 = DIRECTION('',(1.,-0.));
#574 = ( GEOMETRIC_REPRESENTATION_CONTEXT(2) 
PARAMETRIC_REPRESENTATION_CONTEXT() REPRESENTATION_CONTEXT('2D SPACE',''
  ) );
#575 = PCURVE('',#576,#581);
#576 = PLANE('',#577);
#577 = AXIS2_PLACEMENT_3D('',#578,#579,#580);
#578 = CARTESIAN_POINT('',(-3.,10.5,1.98));
#579 = DIRECTION('',(0.,1.,0.));
#580 = DIRECTION('',(0.,0.,1.));
#581 = DEFINITIONAL_REPRESENTATION('',(#582),#590);
#582 = ( BOUNDED_CURVE() B_SPLINE_CURVE(2,(#583,#584,#585,#586,#587,#588
,#589),.UNSPECIFIED.,.T.,.F.) B_SPLINE_CURVE_WITH_KNOTS((1,2,2,2,2,1),(
    -2.094395102393,0.,2.094395102393,4.188790204786,6.28318530718,
8.377580409573),.UNSPECIFIED.) CURVE() GEOMETRIC_REPRESENTATION_ITEM() 
RATIONAL_B_SPLINE_CURVE((1.,0.5,1.,0.5,1.,0.5,1.)) REPRESENTATION_ITEM(
  '') );
#583 = CARTESIAN_POINT('',(1.02,4.5));
#584 = CARTESIAN_POINT('',(3.618076211353,4.5));
#585 = CARTESIAN_POINT('',(2.319038105677,2.25));
#586 = CARTESIAN_POINT('',(1.02,8.881784197001E-16));
#587 = CARTESIAN_POINT('',(-0.279038105677,2.25));
#588 = CARTESIAN_POINT('',(-1.578076211353,4.5));
#589 = CARTESIAN_POINT('',(1.02,4.5));
#590 = ( GEOMETRIC_REPRESENTATION_CONTEXT(2) 
PARAMETRIC_REPRESENTATION_CONTEXT() REPRESENTATION_CONTEXT('2D SPACE',''
  ) );
#591 = ORIENTED_EDGE('',*,*,#592,.T.);
#592 = EDGE_CURVE('',#560,#501,#593,.T.);
#593 = SURFACE_CURVE('',#594,(#598,#604),.PCURVE_S1.);
#594 = LINE('',#595,#596);
#595 = CARTESIAN_POINT('',(-1.099818166789,0.,1.98));
#596 = VECTOR('',#597,1.);
#597 = DIRECTION('',(0.,-1.,-0.));
#598 = PCURVE('',#32,#599);
#599 = DEFINITIONAL_REPRESENTATION('',(#600),#603);
#600 = B_SPLINE_CURVE_WITH_KNOTS('',1,(#601,#602),.UNSPECIFIED.,.F.,.F.,
  (2,2),(-11.,-5.),.PIECEWISE_BEZIER_KNOTS.);
#601 = CARTESIAN_POINT('',(-2.39383001893,-11.));
#602 = CARTESIAN_POINT('',(-2.39383001893,-5.));
#603 = ( GEOMETRIC_REPRESENTATION_CONTEXT(2) 
PARAMETRIC_REPRESENTATION_CONTEXT() REPRESENTATION_CONTEXT('2D SPACE',''
  ) );
#604 = PCURVE('',#605,#610);
#605 = PLANE('',#606);
#606 = AXIS2_PLACEMENT_3D('',#607,#608,#609);
#607 = CARTESIAN_POINT('',(-3.,5.5,1.98));
#608 = DIRECTION('',(0.,0.,1.));
#609 = DIRECTION('',(1.,0.,0.));
#610 = DEFINITIONAL_REPRESENTATION('',(#611),#614);
#611 = B_SPLINE_CURVE_WITH_KNOTS('',1,(#612,#613),.UNSPECIFIED.,.F.,.F.,
  (2,2),(-11.,-5.),.PIECEWISE_BEZIER_KNOTS.);
#612 = CARTESIAN_POINT('',(1.900181833211,5.5));
#613 = CARTESIAN_POINT('',(1.900181833211,-0.5));
#614 = ( GEOMETRIC_REPRESENTATION_CONTEXT(2) 
PARAMETRIC_REPRESENTATION_CONTEXT() REPRESENTATION_CONTEXT('2D SPACE',''
  ) );
#615 = FACE_BOUND('',#616,.F.);
#616 = EDGE_LOOP('',(#617,#645,#674,#700));
#617 = ORIENTED_EDGE('',*,*,#618,.F.);
#618 = EDGE_CURVE('',#619,#621,#623,.T.);
#619 = VERTEX_POINT('',#620);
#620 = CARTESIAN_POINT('',(-1.099818166789,-10.5,1.98));
#621 = VERTEX_POINT('',#622);
#622 = CARTESIAN_POINT('',(-1.099818166789,-5.5,1.98));
#623 = SURFACE_CURVE('',#624,(#628,#634),.PCURVE_S1.);
#624 = LINE('',#625,#626);
#625 = CARTESIAN_POINT('',(-1.099818166789,0.,1.98));
#626 = VECTOR('',#627,1.);
#627 = DIRECTION('',(-0.,1.,0.));
#628 = PCURVE('',#32,#629);
#629 = DEFINITIONAL_REPRESENTATION('',(#630),#633);
#630 = B_SPLINE_CURVE_WITH_KNOTS('',1,(#631,#632),.UNSPECIFIED.,.F.,.F.,
  (2,2),(-11.,-5.),.PIECEWISE_BEZIER_KNOTS.);
#631 = CARTESIAN_POINT('',(-2.39383001893,11.));
#632 = CARTESIAN_POINT('',(-2.39383001893,5.));
#633 = ( GEOMETRIC_REPRESENTATION_CONTEXT(2) 
PARAMETRIC_REPRESENTATION_CONTEXT() REPRESENTATION_CONTEXT('2D SPACE',''
  ) );
#634 = PCURVE('',#635,#640);
#635 = PLANE('',#636);
#636 = AXIS2_PLACEMENT_3D('',#637,#638,#639);
#637 = CARTESIAN_POINT('',(-3.,-10.5,1.98));
#638 = DIRECTION('',(0.,0.,1.));
#639 = DIRECTION('',(1.,0.,0.));
#640 = DEFINITIONAL_REPRESENTATION('',(#641),#644);
#641 = B_SPLINE_CURVE_WITH_KNOTS('',1,(#642,#643),.UNSPECIFIED.,.F.,.F.,
  (2,2),(-11.,-5.),.PIECEWISE_BEZIER_KNOTS.);
#642 = CARTESIAN_POINT('',(1.900181833211,-0.5));
#643 = CARTESIAN_POINT('',(1.900181833211,5.5));
#644 = ( GEOMETRIC_REPRESENTATION_CONTEXT(2) 
PARAMETRIC_REPRESENTATION_CONTEXT() REPRESENTATION_CONTEXT('2D SPACE',''
  ) );
#645 = ORIENTED_EDGE('',*,*,#646,.T.);
#646 = EDGE_CURVE('',#619,#647,#649,.T.);
#647 = VERTEX_POINT('',#648);
#648 = CARTESIAN_POINT('',(-0.9,-10.5,4.2));
#649 = SURFACE_CURVE('',#650,(#655,#662),.PCURVE_S1.);
#650 = CIRCLE('',#651,1.5);
#651 = AXIS2_PLACEMENT_3D('',#652,#653,#654);
#652 = CARTESIAN_POINT('',(0.,-10.5,3.));
#653 = DIRECTION('',(-0.,1.,0.));
#654 = DIRECTION('',(1.,0.,0.));
#655 = PCURVE('',#32,#656);
#656 = DEFINITIONAL_REPRESENTATION('',(#657),#661);
#657 = LINE('',#658,#659);
#658 = CARTESIAN_POINT('',(0.,10.5));
#659 = VECTOR('',#660,1.);
#660 = DIRECTION('',(-1.,-0.));
#661 = ( GEOMETRIC_REPRESENTATION_CONTEXT(2) 
PARAMETRIC_REPRESENTATION_CONTEXT() REPRESENTATION_CONTEXT('2D SPACE',''
  ) );
#662 = PCURVE('',#663,#668);
#663 = PLANE('',#664);
#664 = AXIS2_PLACEMENT_3D('',#665,#666,#667);
#665 = CARTESIAN_POINT('',(-3.,-10.5,1.98));
#666 = DIRECTION('',(0.,1.,0.));
#667 = DIRECTION('',(0.,0.,1.));
#668 = DEFINITIONAL_REPRESENTATION('',(#669),#673);
#669 = CIRCLE('',#670,1.5);
#670 = AXIS2_PLACEMENT_2D('',#671,#672);
#671 = CARTESIAN_POINT('',(1.02,3.));
#672 = DIRECTION('',(0.,1.));
#673 = ( GEOMETRIC_REPRESENTATION_CONTEXT(2) 
PARAMETRIC_REPRESENTATION_CONTEXT() REPRESENTATION_CONTEXT('2D SPACE',''
  ) );
#674 = ORIENTED_EDGE('',*,*,#675,.T.);
#675 = EDGE_CURVE('',#647,#676,#678,.T.);
#676 = VERTEX_POINT('',#677);
#677 = CARTESIAN_POINT('',(-0.9,-5.5,4.2));
#678 = SURFACE_CURVE('',#679,(#683,#689),.PCURVE_S1.);
#679 = LINE('',#680,#681);
#680 = CARTESIAN_POINT('',(-0.9,0.,4.2));
#681 = VECTOR('',#682,1.);
#682 = DIRECTION('',(-0.,1.,0.));
#683 = PCURVE('',#32,#684);
#684 = DEFINITIONAL_REPRESENTATION('',(#685),#688);
#685 = B_SPLINE_CURVE_WITH_KNOTS('',1,(#686,#687),.UNSPECIFIED.,.F.,.F.,
  (2,2),(-11.,-5.),.PIECEWISE_BEZIER_KNOTS.);
#686 = CARTESIAN_POINT('',(-4.068887871591,11.));
#687 = CARTESIAN_POINT('',(-4.068887871591,5.));
#688 = ( GEOMETRIC_REPRESENTATION_CONTEXT(2) 
PARAMETRIC_REPRESENTATION_CONTEXT() REPRESENTATION_CONTEXT('2D SPACE',''
  ) );
#689 = PCURVE('',#690,#695);
#690 = PLANE('',#691);
#691 = AXIS2_PLACEMENT_3D('',#692,#693,#694);
#692 = CARTESIAN_POINT('',(-3.,-10.5,4.2));
#693 = DIRECTION('',(0.,0.,1.));
#694 = DIRECTION('',(1.,0.,0.));
#695 = DEFINITIONAL_REPRESENTATION('',(#696),#699);
#696 = B_SPLINE_CURVE_WITH_KNOTS('',1,(#697,#698),.UNSPECIFIED.,.F.,.F.,
  (2,2),(-11.,-5.),.PIECEWISE_BEZIER_KNOTS.);
#697 = CARTESIAN_POINT('',(2.1,-0.5));
#698 = CARTESIAN_POINT('',(2.1,5.5));
#699 = ( GEOMETRIC_REPRESENTATION_CONTEXT(2) 
PARAMETRIC_REPRESENTATION_CONTEXT() REPRESENTATION_CONTEXT('2D SPACE',''
  ) );
#700 = ORIENTED_EDGE('',*,*,#701,.F.);
#701 = EDGE_CURVE('',#621,#676,#702,.T.);
#702 = SURFACE_CURVE('',#703,(#708,#715),.PCURVE_S1.);
#703 = CIRCLE('',#704,1.5);
#704 = AXIS2_PLACEMENT_3D('',#705,#706,#707);
#705 = CARTESIAN_POINT('',(0.,-5.5,3.));
#706 = DIRECTION('',(-0.,1.,0.));
#707 = DIRECTION('',(1.,0.,0.));
#708 = PCURVE('',#32,#709);
#709 = DEFINITIONAL_REPRESENTATION('',(#710),#714);
#710 = LINE('',#711,#712);
#711 = CARTESIAN_POINT('',(0.,5.5));
#712 = VECTOR('',#713,1.);
#713 = DIRECTION('',(-1.,-0.));
#714 = ( GEOMETRIC_REPRESENTATION_CONTEXT(2) 
PARAMETRIC_REPRESENTATION_CONTEXT() REPRESENTATION_CONTEXT('2D SPACE',''
  ) );
#715 = PCURVE('',#716,#721);
#716 = PLANE('',#717);
#717 = AXIS2_PLACEMENT_3D('',#718,#719,#720);
#718 = CARTESIAN_POINT('',(-3.,-5.5,1.98));
#719 = DIRECTION('',(0.,1.,0.));
#720 = DIRECTION('',(0.,0.,1.));
#721 = DEFINITIONAL_REPRESENTATION('',(#722),#726);
#722 = CIRCLE('',#723,1.5);
#723 = AXIS2_PLACEMENT_2D('',#724,#725);
#724 = CARTESIAN_POINT('',(1.02,3.));
#725 = DIRECTION('',(0.,1.));
#726 = ( GEOMETRIC_REPRESENTATION_CONTEXT(2) 
PARAMETRIC_REPRESENTATION_CONTEXT() REPRESENTATION_CONTEXT('2D SPACE',''
  ) );
#727 = ADVANCED_FACE('',(#728),#716,.T.);
#728 = FACE_BOUND('',#729,.T.);
#729 = EDGE_LOOP('',(#730,#753,#781,#802));
#730 = ORIENTED_EDGE('',*,*,#731,.F.);
#731 = EDGE_CURVE('',#732,#621,#734,.T.);
#732 = VERTEX_POINT('',#733);
#733 = CARTESIAN_POINT('',(-3.,-5.5,1.98));
#734 = SURFACE_CURVE('',#735,(#739,#746),.PCURVE_S1.);
#735 = LINE('',#736,#737);
#736 = CARTESIAN_POINT('',(-3.,-5.5,1.98));
#737 = VECTOR('',#738,1.);
#738 = DIRECTION('',(1.,0.,0.));
#739 = PCURVE('',#716,#740);
#740 = DEFINITIONAL_REPRESENTATION('',(#741),#745);
#741 = LINE('',#742,#743);
#742 = CARTESIAN_POINT('',(0.,0.));
#743 = VECTOR('',#744,1.);
#744 = DIRECTION('',(0.,1.));
#745 = ( GEOMETRIC_REPRESENTATION_CONTEXT(2) 
PARAMETRIC_REPRESENTATION_CONTEXT() REPRESENTATION_CONTEXT('2D SPACE',''
  ) );
#746 = PCURVE('',#635,#747);
#747 = DEFINITIONAL_REPRESENTATION('',(#748),#752);
#748 = LINE('',#749,#750);
#749 = CARTESIAN_POINT('',(0.,5.));
#750 = VECTOR('',#751,1.);
#751 = DIRECTION('',(1.,0.));
#752 = ( GEOMETRIC_REPRESENTATION_CONTEXT(2) 
PARAMETRIC_REPRESENTATION_CONTEXT() REPRESENTATION_CONTEXT('2D SPACE',''
  ) );
#753 = ORIENTED_EDGE('',*,*,#754,.T.);
#754 = EDGE_CURVE('',#732,#755,#757,.T.);
#755 = VERTEX_POINT('',#756);
#756 = CARTESIAN_POINT('',(-3.,-5.5,4.2));
#757 = SURFACE_CURVE('',#758,(#762,#769),.PCURVE_S1.);
#758 = LINE('',#759,#760);
#759 = CARTESIAN_POINT('',(-3.,-5.5,1.98));
#760 = VECTOR('',#761,1.);
#761 = DIRECTION('',(0.,0.,1.));
#762 = PCURVE('',#716,#763);
#763 = DEFINITIONAL_REPRESENTATION('',(#764),#768);
#764 = LINE('',#765,#766);
#765 = CARTESIAN_POINT('',(0.,0.));
#766 = VECTOR('',#767,1.);
#767 = DIRECTION('',(1.,0.));
#768 = ( GEOMETRIC_REPRESENTATION_CONTEXT(2) 
PARAMETRIC_REPRESENTATION_CONTEXT() REPRESENTATION_CONTEXT('2D SPACE',''
  ) );
#769 = PCURVE('',#770,#775);
#770 = PLANE('',#771);
#771 = AXIS2_PLACEMENT_3D('',#772,#773,#774);
#772 = CARTESIAN_POINT('',(-3.,-10.5,1.98));
#773 = DIRECTION('',(1.,0.,0.));
#774 = DIRECTION('',(0.,0.,1.));
#775 = DEFINITIONAL_REPRESENTATION('',(#776),#780);
#776 = LINE('',#777,#778);
#777 = CARTESIAN_POINT('',(0.,-5.));
#778 = VECTOR('',#779,1.);
#779 = DIRECTION('',(1.,0.));
#780 = ( GEOMETRIC_REPRESENTATION_CONTEXT(2) 
PARAMETRIC_REPRESENTATION_CONTEXT() REPRESENTATION_CONTEXT('2D SPACE',''
  ) );
#781 = ORIENTED_EDGE('',*,*,#782,.T.);
#782 = EDGE_CURVE('',#755,#676,#783,.T.);
#783 = SURFACE_CURVE('',#784,(#788,#795),.PCURVE_S1.);
#784 = LINE('',#785,#786);
#785 = CARTESIAN_POINT('',(-3.,-5.5,4.2));
#786 = VECTOR('',#787,1.);
#787 = DIRECTION('',(1.,0.,0.));
#788 = PCURVE('',#716,#789);
#789 = DEFINITIONAL_REPRESENTATION('',(#790),#794);
#790 = LINE('',#791,#792);
#791 = CARTESIAN_POINT('',(2.22,0.));
#792 = VECTOR('',#793,1.);
#793 = DIRECTION('',(0.,1.));
#794 = ( GEOMETRIC_REPRESENTATION_CONTEXT(2) 
PARAMETRIC_REPRESENTATION_CONTEXT() REPRESENTATION_CONTEXT('2D SPACE',''
  ) );
#795 = PCURVE('',#690,#796);
#796 = DEFINITIONAL_REPRESENTATION('',(#797),#801);
#797 = LINE('',#798,#799);
#798 = CARTESIAN_POINT('',(0.,5.));
#799 = VECTOR('',#800,1.);
#800 = DIRECTION('',(1.,0.));
#801 = ( GEOMETRIC_REPRESENTATION_CONTEXT(2) 
PARAMETRIC_REPRESENTATION_CONTEXT() REPRESENTATION_CONTEXT('2D SPACE',''
  ) );
#802 = ORIENTED_EDGE('',*,*,#701,.F.);
#803 = ADVANCED_FACE('',(#804),#770,.F.);
#804 = FACE_BOUND('',#805,.F.);
#805 = EDGE_LOOP('',(#806,#831,#852,#853));
#806 = ORIENTED_EDGE('',*,*,#807,.F.);
#807 = EDGE_CURVE('',#808,#810,#812,.T.);
#808 = VERTEX_POINT('',#809);
#809 = CARTESIAN_POINT('',(-3.,-10.5,1.98));
#810 = VERTEX_POINT('',#811);
#811 = CARTESIAN_POINT('',(-3.,-10.5,4.2));
#812 = SURFACE_CURVE('',#813,(#817,#824),.PCURVE_S1.);
#813 = LINE('',#814,#815);
#814 = CARTESIAN_POINT('',(-3.,-10.5,1.98));
#815 = VECTOR('',#816,1.);
#816 = DIRECTION('',(0.,0.,1.));
#817 = PCURVE('',#770,#818);
#818 = DEFINITIONAL_REPRESENTATION('',(#819),#823);
#819 = LINE('',#820,#821);
#820 = CARTESIAN_POINT('',(0.,0.));
#821 = VECTOR('',#822,1.);
#822 = DIRECTION('',(1.,0.));
#823 = ( GEOMETRIC_REPRESENTATION_CONTEXT(2) 
PARAMETRIC_REPRESENTATION_CONTEXT() REPRESENTATION_CONTEXT('2D SPACE',''
  ) );
#824 = PCURVE('',#663,#825);
#825 = DEFINITIONAL_REPRESENTATION('',(#826),#830);
#826 = LINE('',#827,#828);
#827 = CARTESIAN_POINT('',(0.,0.));
#828 = VECTOR('',#829,1.);
#829 = DIRECTION('',(1.,0.));
#830 = ( GEOMETRIC_REPRESENTATION_CONTEXT(2) 
PARAMETRIC_REPRESENTATION_CONTEXT() REPRESENTATION_CONTEXT('2D SPACE',''
  ) );
#831 = ORIENTED_EDGE('',*,*,#832,.T.);
#832 = EDGE_CURVE('',#808,#732,#833,.T.);
#833 = SURFACE_CURVE('',#834,(#838,#845),.PCURVE_S1.);
#834 = LINE('',#835,#836);
#835 = CARTESIAN_POINT('',(-3.,-10.5,1.98));
#836 = VECTOR('',#837,1.);
#837 = DIRECTION('',(0.,1.,0.));
#838 = PCURVE('',#770,#839);
#839 = DEFINITIONAL_REPRESENTATION('',(#840),#844);
#840 = LINE('',#841,#842);
#841 = CARTESIAN_POINT('',(0.,0.));
#842 = VECTOR('',#843,1.);
#843 = DIRECTION('',(0.,-1.));
#844 = ( GEOMETRIC_REPRESENTATION_CONTEXT(2) 
PARAMETRIC_REPRESENTATION_CONTEXT() REPRESENTATION_CONTEXT('2D SPACE',''
  ) );
#845 = PCURVE('',#635,#846);
#846 = DEFINITIONAL_REPRESENTATION('',(#847),#851);
#847 = LINE('',#848,#849);
#848 = CARTESIAN_POINT('',(0.,0.));
#849 = VECTOR('',#850,1.);
#850 = DIRECTION('',(0.,1.));
#851 = ( GEOMETRIC_REPRESENTATION_CONTEXT(2) 
PARAMETRIC_REPRESENTATION_CONTEXT() REPRESENTATION_CONTEXT('2D SPACE',''
  ) );
#852 = ORIENTED_EDGE('',*,*,#754,.T.);
#853 = ORIENTED_EDGE('',*,*,#854,.F.);
#854 = EDGE_CURVE('',#810,#755,#855,.T.);
#855 = SURFACE_CURVE('',#856,(#860,#867),.PCURVE_S1.);
#856 = LINE('',#857,#858);
#857 = CARTESIAN_POINT('',(-3.,-10.5,4.2));
#858 = VECTOR('',#859,1.);
#859 = DIRECTION('',(0.,1.,0.));
#860 = PCURVE('',#770,#861);
#861 = DEFINITIONAL_REPRESENTATION('',(#862),#866);
#862 = LINE('',#863,#864);
#863 = CARTESIAN_POINT('',(2.22,0.));
#864 = VECTOR('',#865,1.);
#865 = DIRECTION('',(0.,-1.));
#866 = ( GEOMETRIC_REPRESENTATION_CONTEXT(2) 
PARAMETRIC_REPRESENTATION_CONTEXT() REPRESENTATION_CONTEXT('2D SPACE',''
  ) );
#867 = PCURVE('',#690,#868);
#868 = DEFINITIONAL_REPRESENTATION('',(#869),#873);
#869 = LINE('',#870,#871);
#870 = CARTESIAN_POINT('',(0.,0.));
#871 = VECTOR('',#872,1.);
#872 = DIRECTION('',(0.,1.));
#873 = ( GEOMETRIC_REPRESENTATION_CONTEXT(2) 
PARAMETRIC_REPRESENTATION_CONTEXT() REPRESENTATION_CONTEXT('2D SPACE',''
  ) );
#874 = ADVANCED_FACE('',(#875),#690,.T.);
#875 = FACE_BOUND('',#876,.T.);
#876 = EDGE_LOOP('',(#877,#878,#879,#900));
#877 = ORIENTED_EDGE('',*,*,#782,.F.);
#878 = ORIENTED_EDGE('',*,*,#854,.F.);
#879 = ORIENTED_EDGE('',*,*,#880,.T.);
#880 = EDGE_CURVE('',#810,#647,#881,.T.);
#881 = SURFACE_CURVE('',#882,(#886,#893),.PCURVE_S1.);
#882 = LINE('',#883,#884);
#883 = CARTESIAN_POINT('',(-3.,-10.5,4.2));
#884 = VECTOR('',#885,1.);
#885 = DIRECTION('',(1.,0.,0.));
#886 = PCURVE('',#690,#887);
#887 = DEFINITIONAL_REPRESENTATION('',(#888),#892);
#888 = LINE('',#889,#890);
#889 = CARTESIAN_POINT('',(0.,0.));
#890 = VECTOR('',#891,1.);
#891 = DIRECTION('',(1.,0.));
#892 = ( GEOMETRIC_REPRESENTATION_CONTEXT(2) 
PARAMETRIC_REPRESENTATION_CONTEXT() REPRESENTATION_CONTEXT('2D SPACE',''
  ) );
#893 = PCURVE('',#663,#894);
#894 = DEFINITIONAL_REPRESENTATION('',(#895),#899);
#895 = LINE('',#896,#897);
#896 = CARTESIAN_POINT('',(2.22,0.));
#897 = VECTOR('',#898,1.);
#898 = DIRECTION('',(0.,1.));
#899 = ( GEOMETRIC_REPRESENTATION_CONTEXT(2) 
PARAMETRIC_REPRESENTATION_CONTEXT() REPRESENTATION_CONTEXT('2D SPACE',''
  ) );
#900 = ORIENTED_EDGE('',*,*,#675,.T.);
#901 = ADVANCED_FACE('',(#902),#663,.F.);
#902 = FACE_BOUND('',#903,.F.);
#903 = EDGE_LOOP('',(#904,#925,#926,#927));
#904 = ORIENTED_EDGE('',*,*,#905,.F.);
#905 = EDGE_CURVE('',#808,#619,#906,.T.);
#906 = SURFACE_CURVE('',#907,(#911,#918),.PCURVE_S1.);
#907 = LINE('',#908,#909);
#908 = CARTESIAN_POINT('',(-3.,-10.5,1.98));
#909 = VECTOR('',#910,1.);
#910 = DIRECTION('',(1.,0.,0.));
#911 = PCURVE('',#663,#912);
#912 = DEFINITIONAL_REPRESENTATION('',(#913),#917);
#913 = LINE('',#914,#915);
#914 = CARTESIAN_POINT('',(0.,0.));
#915 = VECTOR('',#916,1.);
#916 = DIRECTION('',(0.,1.));
#917 = ( GEOMETRIC_REPRESENTATION_CONTEXT(2) 
PARAMETRIC_REPRESENTATION_CONTEXT() REPRESENTATION_CONTEXT('2D SPACE',''
  ) );
#918 = PCURVE('',#635,#919);
#919 = DEFINITIONAL_REPRESENTATION('',(#920),#924);
#920 = LINE('',#921,#922);
#921 = CARTESIAN_POINT('',(0.,0.));
#922 = VECTOR('',#923,1.);
#923 = DIRECTION('',(1.,0.));
#924 = ( GEOMETRIC_REPRESENTATION_CONTEXT(2) 
PARAMETRIC_REPRESENTATION_CONTEXT() REPRESENTATION_CONTEXT('2D SPACE',''
  ) );
#925 = ORIENTED_EDGE('',*,*,#807,.T.);
#926 = ORIENTED_EDGE('',*,*,#880,.T.);
#927 = ORIENTED_EDGE('',*,*,#646,.F.);
#928 = ADVANCED_FACE('',(#929),#635,.F.);
#929 = FACE_BOUND('',#930,.F.);
#930 = EDGE_LOOP('',(#931,#932,#933,#934));
#931 = ORIENTED_EDGE('',*,*,#731,.F.);
#932 = ORIENTED_EDGE('',*,*,#832,.F.);
#933 = ORIENTED_EDGE('',*,*,#905,.T.);
#934 = ORIENTED_EDGE('',*,*,#618,.T.);
#935 = ADVANCED_FACE('',(#936),#605,.F.);
#936 = FACE_BOUND('',#937,.F.);
#937 = EDGE_LOOP('',(#938,#961,#989,#1010));
#938 = ORIENTED_EDGE('',*,*,#939,.F.);
#939 = EDGE_CURVE('',#940,#560,#942,.T.);
#940 = VERTEX_POINT('',#941);
#941 = CARTESIAN_POINT('',(-3.,10.5,1.98));
#942 = SURFACE_CURVE('',#943,(#947,#954),.PCURVE_S1.);
#943 = LINE('',#944,#945);
#944 = CARTESIAN_POINT('',(-3.,10.5,1.98));
#945 = VECTOR('',#946,1.);
#946 = DIRECTION('',(1.,0.,0.));
#947 = PCURVE('',#605,#948);
#948 = DEFINITIONAL_REPRESENTATION('',(#949),#953);
#949 = LINE('',#950,#951);
#950 = CARTESIAN_POINT('',(0.,5.));
#951 = VECTOR('',#952,1.);
#952 = DIRECTION('',(1.,0.));
#953 = ( GEOMETRIC_REPRESENTATION_CONTEXT(2) 
PARAMETRIC_REPRESENTATION_CONTEXT() REPRESENTATION_CONTEXT('2D SPACE',''
  ) );
#954 = PCURVE('',#576,#955);
#955 = DEFINITIONAL_REPRESENTATION('',(#956),#960);
#956 = LINE('',#957,#958);
#957 = CARTESIAN_POINT('',(0.,0.));
#958 = VECTOR('',#959,1.);
#959 = DIRECTION('',(0.,1.));
#960 = ( GEOMETRIC_REPRESENTATION_CONTEXT(2) 
PARAMETRIC_REPRESENTATION_CONTEXT() REPRESENTATION_CONTEXT('2D SPACE',''
  ) );
#961 = ORIENTED_EDGE('',*,*,#962,.F.);
#962 = EDGE_CURVE('',#963,#940,#965,.T.);
#963 = VERTEX_POINT('',#964);
#964 = CARTESIAN_POINT('',(-3.,5.5,1.98));
#965 = SURFACE_CURVE('',#966,(#970,#977),.PCURVE_S1.);
#966 = LINE('',#967,#968);
#967 = CARTESIAN_POINT('',(-3.,5.5,1.98));
#968 = VECTOR('',#969,1.);
#969 = DIRECTION('',(0.,1.,0.));
#970 = PCURVE('',#605,#971);
#971 = DEFINITIONAL_REPRESENTATION('',(#972),#976);
#972 = LINE('',#973,#974);
#973 = CARTESIAN_POINT('',(0.,0.));
#974 = VECTOR('',#975,1.);
#975 = DIRECTION('',(0.,1.));
#976 = ( GEOMETRIC_REPRESENTATION_CONTEXT(2) 
PARAMETRIC_REPRESENTATION_CONTEXT() REPRESENTATION_CONTEXT('2D SPACE',''
  ) );
#977 = PCURVE('',#978,#983);
#978 = PLANE('',#979);
#979 = AXIS2_PLACEMENT_3D('',#980,#981,#982);
#980 = CARTESIAN_POINT('',(-3.,5.5,1.98));
#981 = DIRECTION('',(1.,0.,0.));
#982 = DIRECTION('',(0.,0.,1.));
#983 = DEFINITIONAL_REPRESENTATION('',(#984),#988);
#984 = LINE('',#985,#986);
#985 = CARTESIAN_POINT('',(0.,0.));
#986 = VECTOR('',#987,1.);
#987 = DIRECTION('',(0.,-1.));
#988 = ( GEOMETRIC_REPRESENTATION_CONTEXT(2) 
PARAMETRIC_REPRESENTATION_CONTEXT() REPRESENTATION_CONTEXT('2D SPACE',''
  ) );
#989 = ORIENTED_EDGE('',*,*,#990,.T.);
#990 = EDGE_CURVE('',#963,#501,#991,.T.);
#991 = SURFACE_CURVE('',#992,(#996,#1003),.PCURVE_S1.);
#992 = LINE('',#993,#994);
#993 = CARTESIAN_POINT('',(-3.,5.5,1.98));
#994 = VECTOR('',#995,1.);
#995 = DIRECTION('',(1.,0.,0.));
#996 = PCURVE('',#605,#997);
#997 = DEFINITIONAL_REPRESENTATION('',(#998),#1002);
#998 = LINE('',#999,#1000);
#999 = CARTESIAN_POINT('',(0.,0.));
#1000 = VECTOR('',#1001,1.);
#1001 = DIRECTION('',(1.,0.));
#1002 = ( GEOMETRIC_REPRESENTATION_CONTEXT(2) 
PARAMETRIC_REPRESENTATION_CONTEXT() REPRESENTATION_CONTEXT('2D SPACE',''
  ) );
#1003 = PCURVE('',#517,#1004);
#1004 = DEFINITIONAL_REPRESENTATION('',(#1005),#1009);
#1005 = LINE('',#1006,#1007);
#1006 = CARTESIAN_POINT('',(0.,0.));
#1007 = VECTOR('',#1008,1.);
#1008 = DIRECTION('',(0.,1.));
#1009 = ( GEOMETRIC_REPRESENTATION_CONTEXT(2) 
PARAMETRIC_REPRESENTATION_CONTEXT() REPRESENTATION_CONTEXT('2D SPACE',''
  ) );
#1010 = ORIENTED_EDGE('',*,*,#592,.F.);
#1011 = ADVANCED_FACE('',(#1012),#978,.F.);
#1012 = FACE_BOUND('',#1013,.F.);
#1013 = EDGE_LOOP('',(#1014,#1037,#1038,#1061));
#1014 = ORIENTED_EDGE('',*,*,#1015,.F.);
#1015 = EDGE_CURVE('',#963,#1016,#1018,.T.);
#1016 = VERTEX_POINT('',#1017);
#1017 = CARTESIAN_POINT('',(-3.,5.5,4.2));
#1018 = SURFACE_CURVE('',#1019,(#1023,#1030),.PCURVE_S1.);
#1019 = LINE('',#1020,#1021);
#1020 = CARTESIAN_POINT('',(-3.,5.5,1.98));
#1021 = VECTOR('',#1022,1.);
#1022 = DIRECTION('',(0.,0.,1.));
#1023 = PCURVE('',#978,#1024);
#1024 = DEFINITIONAL_REPRESENTATION('',(#1025),#1029);
#1025 = LINE('',#1026,#1027);
#1026 = CARTESIAN_POINT('',(0.,0.));
#1027 = VECTOR('',#1028,1.);
#1028 = DIRECTION('',(1.,0.));
#1029 = ( GEOMETRIC_REPRESENTATION_CONTEXT(2) 
PARAMETRIC_REPRESENTATION_CONTEXT() REPRESENTATION_CONTEXT('2D SPACE',''
  ) );
#1030 = PCURVE('',#517,#1031);
#1031 = DEFINITIONAL_REPRESENTATION('',(#1032),#1036);
#1032 = LINE('',#1033,#1034);
#1033 = CARTESIAN_POINT('',(0.,0.));
#1034 = VECTOR('',#1035,1.);
#1035 = DIRECTION('',(1.,0.));
#1036 = ( GEOMETRIC_REPRESENTATION_CONTEXT(2) 
PARAMETRIC_REPRESENTATION_CONTEXT() REPRESENTATION_CONTEXT('2D SPACE',''
  ) );
#1037 = ORIENTED_EDGE('',*,*,#962,.T.);
#1038 = ORIENTED_EDGE('',*,*,#1039,.T.);
#1039 = EDGE_CURVE('',#940,#1040,#1042,.T.);
#1040 = VERTEX_POINT('',#1041);
#1041 = CARTESIAN_POINT('',(-3.,10.5,4.2));
#1042 = SURFACE_CURVE('',#1043,(#1047,#1054),.PCURVE_S1.);
#1043 = LINE('',#1044,#1045);
#1044 = CARTESIAN_POINT('',(-3.,10.5,1.98));
#1045 = VECTOR('',#1046,1.);
#1046 = DIRECTION('',(0.,0.,1.));
#1047 = PCURVE('',#978,#1048);
#1048 = DEFINITIONAL_REPRESENTATION('',(#1049),#1053);
#1049 = LINE('',#1050,#1051);
#1050 = CARTESIAN_POINT('',(0.,-5.));
#1051 = VECTOR('',#1052,1.);
#1052 = DIRECTION('',(1.,0.));
#1053 = ( GEOMETRIC_REPRESENTATION_CONTEXT(2) 
PARAMETRIC_REPRESENTATION_CONTEXT() REPRESENTATION_CONTEXT('2D SPACE',''
  ) );
#1054 = PCURVE('',#576,#1055);
#1055 = DEFINITIONAL_REPRESENTATION('',(#1056),#1060);
#1056 = LINE('',#1057,#1058);
#1057 = CARTESIAN_POINT('',(0.,0.));
#1058 = VECTOR('',#1059,1.);
#1059 = DIRECTION('',(1.,0.));
#1060 = ( GEOMETRIC_REPRESENTATION_CONTEXT(2) 
PARAMETRIC_REPRESENTATION_CONTEXT() REPRESENTATION_CONTEXT('2D SPACE',''
  ) );
#1061 = ORIENTED_EDGE('',*,*,#1062,.F.);
#1062 = EDGE_CURVE('',#1016,#1040,#1063,.T.);
#1063 = SURFACE_CURVE('',#1064,(#1068,#1075),.PCURVE_S1.);
#1064 = LINE('',#1065,#1066);
#1065 = CARTESIAN_POINT('',(-3.,5.5,4.2));
#1066 = VECTOR('',#1067,1.);
#1067 = DIRECTION('',(0.,1.,0.));
#1068 = PCURVE('',#978,#1069);
#1069 = DEFINITIONAL_REPRESENTATION('',(#1070),#1074);
#1070 = LINE('',#1071,#1072);
#1071 = CARTESIAN_POINT('',(2.22,0.));
#1072 = VECTOR('',#1073,1.);
#1073 = DIRECTION('',(0.,-1.));
#1074 = ( GEOMETRIC_REPRESENTATION_CONTEXT(2) 
PARAMETRIC_REPRESENTATION_CONTEXT() REPRESENTATION_CONTEXT('2D SPACE',''
  ) );
#1075 = PCURVE('',#548,#1076);
#1076 = DEFINITIONAL_REPRESENTATION('',(#1077),#1081);
#1077 = LINE('',#1078,#1079);
#1078 = CARTESIAN_POINT('',(0.,0.));
#1079 = VECTOR('',#1080,1.);
#1080 = DIRECTION('',(0.,1.));
#1081 = ( GEOMETRIC_REPRESENTATION_CONTEXT(2) 
PARAMETRIC_REPRESENTATION_CONTEXT() REPRESENTATION_CONTEXT('2D SPACE',''
  ) );
#1082 = ADVANCED_FACE('',(#1083),#576,.T.);
#1083 = FACE_BOUND('',#1084,.T.);
#1084 = EDGE_LOOP('',(#1085,#1086,#1087,#1108));
#1085 = ORIENTED_EDGE('',*,*,#939,.F.);
#1086 = ORIENTED_EDGE('',*,*,#1039,.T.);
#1087 = ORIENTED_EDGE('',*,*,#1088,.T.);
#1088 = EDGE_CURVE('',#1040,#534,#1089,.T.);
#1089 = SURFACE_CURVE('',#1090,(#1094,#1101),.PCURVE_S1.);
#1090 = LINE('',#1091,#1092);
#1091 = CARTESIAN_POINT('',(-3.,10.5,4.2));
#1092 = VECTOR('',#1093,1.);
#1093 = DIRECTION('',(1.,0.,0.));
#1094 = PCURVE('',#576,#1095);
#1095 = DEFINITIONAL_REPRESENTATION('',(#1096),#1100);
#1096 = LINE('',#1097,#1098);
#1097 = CARTESIAN_POINT('',(2.22,0.));
#1098 = VECTOR('',#1099,1.);
#1099 = DIRECTION('',(0.,1.));
#1100 = ( GEOMETRIC_REPRESENTATION_CONTEXT(2) 
PARAMETRIC_REPRESENTATION_CONTEXT() REPRESENTATION_CONTEXT('2D SPACE',''
  ) );
#1101 = PCURVE('',#548,#1102);
#1102 = DEFINITIONAL_REPRESENTATION('',(#1103),#1107);
#1103 = LINE('',#1104,#1105);
#1104 = CARTESIAN_POINT('',(0.,5.));
#1105 = VECTOR('',#1106,1.);
#1106 = DIRECTION('',(1.,0.));
#1107 = ( GEOMETRIC_REPRESENTATION_CONTEXT(2) 
PARAMETRIC_REPRESENTATION_CONTEXT() REPRESENTATION_CONTEXT('2D SPACE',''
  ) );
#1108 = ORIENTED_EDGE('',*,*,#559,.T.);
#1109 = ADVANCED_FACE('',(#1110),#548,.T.);
#1110 = FACE_BOUND('',#1111,.T.);
#1111 = EDGE_LOOP('',(#1112,#1113,#1114,#1135));
#1112 = ORIENTED_EDGE('',*,*,#1088,.F.);
#1113 = ORIENTED_EDGE('',*,*,#1062,.F.);
#1114 = ORIENTED_EDGE('',*,*,#1115,.T.);
#1115 = EDGE_CURVE('',#1016,#499,#1116,.T.);
#1116 = SURFACE_CURVE('',#1117,(#1121,#1128),.PCURVE_S1.);
#1117 = LINE('',#1118,#1119);
#1118 = CARTESIAN_POINT('',(-3.,5.5,4.2));
#1119 = VECTOR('',#1120,1.);
#1120 = DIRECTION('',(1.,0.,0.));
#1121 = PCURVE('',#548,#1122);
#1122 = DEFINITIONAL_REPRESENTATION('',(#1123),#1127);
#1123 = LINE('',#1124,#1125);
#1124 = CARTESIAN_POINT('',(0.,0.));
#1125 = VECTOR('',#1126,1.);
#1126 = DIRECTION('',(1.,0.));
#1127 = ( GEOMETRIC_REPRESENTATION_CONTEXT(2) 
PARAMETRIC_REPRESENTATION_CONTEXT() REPRESENTATION_CONTEXT('2D SPACE',''
  ) );
#1128 = PCURVE('',#517,#1129);
#1129 = DEFINITIONAL_REPRESENTATION('',(#1130),#1134);
#1130 = LINE('',#1131,#1132);
#1131 = CARTESIAN_POINT('',(2.22,0.));
#1132 = VECTOR('',#1133,1.);
#1133 = DIRECTION('',(0.,1.));
#1134 = ( GEOMETRIC_REPRESENTATION_CONTEXT(2) 
PARAMETRIC_REPRESENTATION_CONTEXT() REPRESENTATION_CONTEXT('2D SPACE',''
  ) );
#1135 = ORIENTED_EDGE('',*,*,#533,.F.);
#1136 = ADVANCED_FACE('',(#1137),#517,.F.);
#1137 = FACE_BOUND('',#1138,.F.);
#1138 = EDGE_LOOP('',(#1139,#1140,#1141,#1142));
#1139 = ORIENTED_EDGE('',*,*,#990,.F.);
#1140 = ORIENTED_EDGE('',*,*,#1015,.T.);
#1141 = ORIENTED_EDGE('',*,*,#1115,.T.);
#1142 = ORIENTED_EDGE('',*,*,#498,.T.);
#1143 = ADVANCED_FACE('',(#1144),#418,.F.);
#1144 = FACE_BOUND('',#1145,.F.);
#1145 = EDGE_LOOP('',(#1146,#1169,#1170,#1193));
#1146 = ORIENTED_EDGE('',*,*,#1147,.F.);
#1147 = EDGE_CURVE('',#402,#1148,#1150,.T.);
#1148 = VERTEX_POINT('',#1149);
#1149 = CARTESIAN_POINT('',(20.,-30.,1.65));
#1150 = SURFACE_CURVE('',#1151,(#1155,#1162),.PCURVE_S1.);
#1151 = LINE('',#1152,#1153);
#1152 = CARTESIAN_POINT('',(0.,-30.,1.65));
#1153 = VECTOR('',#1154,1.);
#1154 = DIRECTION('',(1.,0.,0.));
#1155 = PCURVE('',#418,#1156);
#1156 = DEFINITIONAL_REPRESENTATION('',(#1157),#1161);
#1157 = LINE('',#1158,#1159);
#1158 = CARTESIAN_POINT('',(0.,0.));
#1159 = VECTOR('',#1160,1.);
#1160 = DIRECTION('',(0.,1.));
#1161 = ( GEOMETRIC_REPRESENTATION_CONTEXT(2) 
PARAMETRIC_REPRESENTATION_CONTEXT() REPRESENTATION_CONTEXT('2D SPACE',''
  ) );
#1162 = PCURVE('',#44,#1163);
#1163 = DEFINITIONAL_REPRESENTATION('',(#1164),#1168);
#1164 = LINE('',#1165,#1166);
#1165 = CARTESIAN_POINT('',(0.,0.));
#1166 = VECTOR('',#1167,1.);
#1167 = DIRECTION('',(1.,0.));
#1168 = ( GEOMETRIC_REPRESENTATION_CONTEXT(2) 
PARAMETRIC_REPRESENTATION_CONTEXT() REPRESENTATION_CONTEXT('2D SPACE',''
  ) );
#1169 = ORIENTED_EDGE('',*,*,#401,.T.);
#1170 = ORIENTED_EDGE('',*,*,#1171,.T.);
#1171 = EDGE_CURVE('',#381,#1172,#1174,.T.);
#1172 = VERTEX_POINT('',#1173);
#1173 = CARTESIAN_POINT('',(20.,-30.,4.35));
#1174 = SURFACE_CURVE('',#1175,(#1179,#1186),.PCURVE_S1.);
#1175 = LINE('',#1176,#1177);
#1176 = CARTESIAN_POINT('',(0.,-30.,4.35));
#1177 = VECTOR('',#1178,1.);
#1178 = DIRECTION('',(1.,0.,0.));
#1179 = PCURVE('',#418,#1180);
#1180 = DEFINITIONAL_REPRESENTATION('',(#1181),#1185);
#1181 = LINE('',#1182,#1183);
#1182 = CARTESIAN_POINT('',(2.7,0.));
#1183 = VECTOR('',#1184,1.);
#1184 = DIRECTION('',(0.,1.));
#1185 = ( GEOMETRIC_REPRESENTATION_CONTEXT(2) 
PARAMETRIC_REPRESENTATION_CONTEXT() REPRESENTATION_CONTEXT('2D SPACE',''
  ) );
#1186 = PCURVE('',#210,#1187);
#1187 = DEFINITIONAL_REPRESENTATION('',(#1188),#1192);
#1188 = LINE('',#1189,#1190);
#1189 = CARTESIAN_POINT('',(0.,0.));
#1190 = VECTOR('',#1191,1.);
#1191 = DIRECTION('',(1.,0.));
#1192 = ( GEOMETRIC_REPRESENTATION_CONTEXT(2) 
PARAMETRIC_REPRESENTATION_CONTEXT() REPRESENTATION_CONTEXT('2D SPACE',''
  ) );
#1193 = ORIENTED_EDGE('',*,*,#1194,.F.);
#1194 = EDGE_CURVE('',#1148,#1172,#1195,.T.);
#1195 = SURFACE_CURVE('',#1196,(#1200,#1207),.PCURVE_S1.);
#1196 = LINE('',#1197,#1198);
#1197 = CARTESIAN_POINT('',(20.,-30.,1.65));
#1198 = VECTOR('',#1199,1.);
#1199 = DIRECTION('',(0.,0.,1.));
#1200 = PCURVE('',#418,#1201);
#1201 = DEFINITIONAL_REPRESENTATION('',(#1202),#1206);
#1202 = LINE('',#1203,#1204);
#1203 = CARTESIAN_POINT('',(0.,20.));
#1204 = VECTOR('',#1205,1.);
#1205 = DIRECTION('',(1.,0.));
#1206 = ( GEOMETRIC_REPRESENTATION_CONTEXT(2) 
PARAMETRIC_REPRESENTATION_CONTEXT() REPRESENTATION_CONTEXT('2D SPACE',''
  ) );
#1207 = PCURVE('',#1208,#1213);
#1208 = PLANE('',#1209);
#1209 = AXIS2_PLACEMENT_3D('',#1210,#1211,#1212);
#1210 = CARTESIAN_POINT('',(20.,-30.,1.65));
#1211 = DIRECTION('',(1.,0.,0.));
#1212 = DIRECTION('',(0.,0.,1.));
#1213 = DEFINITIONAL_REPRESENTATION('',(#1214),#1218);
#1214 = LINE('',#1215,#1216);
#1215 = CARTESIAN_POINT('',(0.,0.));
#1216 = VECTOR('',#1217,1.);
#1217 = DIRECTION('',(1.,0.));
#1218 = ( GEOMETRIC_REPRESENTATION_CONTEXT(2) 
PARAMETRIC_REPRESENTATION_CONTEXT() REPRESENTATION_CONTEXT('2D SPACE',''
  ) );
#1219 = ADVANCED_FACE('',(#1220),#1208,.T.);
#1220 = FACE_BOUND('',#1221,.T.);
#1221 = EDGE_LOOP('',(#1222,#1245,#1246,#1269));
#1222 = ORIENTED_EDGE('',*,*,#1223,.F.);
#1223 = EDGE_CURVE('',#1172,#1224,#1226,.T.);
#1224 = VERTEX_POINT('',#1225);
#1225 = CARTESIAN_POINT('',(20.,-29.,4.35));
#1226 = SURFACE_CURVE('',#1227,(#1231,#1238),.PCURVE_S1.);
#1227 = LINE('',#1228,#1229);
#1228 = CARTESIAN_POINT('',(20.,-30.,4.35));
#1229 = VECTOR('',#1230,1.);
#1230 = DIRECTION('',(0.,1.,0.));
#1231 = PCURVE('',#1208,#1232);
#1232 = DEFINITIONAL_REPRESENTATION('',(#1233),#1237);
#1233 = LINE('',#1234,#1235);
#1234 = CARTESIAN_POINT('',(2.7,0.));
#1235 = VECTOR('',#1236,1.);
#1236 = DIRECTION('',(0.,-1.));
#1237 = ( GEOMETRIC_REPRESENTATION_CONTEXT(2) 
PARAMETRIC_REPRESENTATION_CONTEXT() REPRESENTATION_CONTEXT('2D SPACE',''
  ) );
#1238 = PCURVE('',#210,#1239);
#1239 = DEFINITIONAL_REPRESENTATION('',(#1240),#1244);
#1240 = LINE('',#1241,#1242);
#1241 = CARTESIAN_POINT('',(20.,0.));
#1242 = VECTOR('',#1243,1.);
#1243 = DIRECTION('',(0.,1.));
#1244 = ( GEOMETRIC_REPRESENTATION_CONTEXT(2) 
PARAMETRIC_REPRESENTATION_CONTEXT() REPRESENTATION_CONTEXT('2D SPACE',''
  ) );
#1245 = ORIENTED_EDGE('',*,*,#1194,.F.);
#1246 = ORIENTED_EDGE('',*,*,#1247,.T.);
#1247 = EDGE_CURVE('',#1148,#1248,#1250,.T.);
#1248 = VERTEX_POINT('',#1249);
#1249 = CARTESIAN_POINT('',(20.,-29.,1.65));
#1250 = SURFACE_CURVE('',#1251,(#1255,#1262),.PCURVE_S1.);
#1251 = LINE('',#1252,#1253);
#1252 = CARTESIAN_POINT('',(20.,-30.,1.65));
#1253 = VECTOR('',#1254,1.);
#1254 = DIRECTION('',(0.,1.,0.));
#1255 = PCURVE('',#1208,#1256);
#1256 = DEFINITIONAL_REPRESENTATION('',(#1257),#1261);
#1257 = LINE('',#1258,#1259);
#1258 = CARTESIAN_POINT('',(0.,0.));
#1259 = VECTOR('',#1260,1.);
#1260 = DIRECTION('',(0.,-1.));
#1261 = ( GEOMETRIC_REPRESENTATION_CONTEXT(2) 
PARAMETRIC_REPRESENTATION_CONTEXT() REPRESENTATION_CONTEXT('2D SPACE',''
  ) );
#1262 = PCURVE('',#44,#1263);
#1263 = DEFINITIONAL_REPRESENTATION('',(#1264),#1268);
#1264 = LINE('',#1265,#1266);
#1265 = CARTESIAN_POINT('',(20.,0.));
#1266 = VECTOR('',#1267,1.);
#1267 = DIRECTION('',(0.,1.));
#1268 = ( GEOMETRIC_REPRESENTATION_CONTEXT(2) 
PARAMETRIC_REPRESENTATION_CONTEXT() REPRESENTATION_CONTEXT('2D SPACE',''
  ) );
#1269 = ORIENTED_EDGE('',*,*,#1270,.T.);
#1270 = EDGE_CURVE('',#1248,#1224,#1271,.T.);
#1271 = SURFACE_CURVE('',#1272,(#1276,#1282),.PCURVE_S1.);
#1272 = LINE('',#1273,#1274);
#1273 = CARTESIAN_POINT('',(20.,-29.,2.325));
#1274 = VECTOR('',#1275,1.);
#1275 = DIRECTION('',(0.,0.,1.));
#1276 = PCURVE('',#1208,#1277);
#1277 = DEFINITIONAL_REPRESENTATION('',(#1278),#1281);
#1278 = B_SPLINE_CURVE_WITH_KNOTS('',1,(#1279,#1280),.UNSPECIFIED.,.F.,
  .F.,(2,2),(-0.675,2.025),.PIECEWISE_BEZIER_KNOTS.);
#1279 = CARTESIAN_POINT('',(0.,-1.));
#1280 = CARTESIAN_POINT('',(2.7,-1.));
#1281 = ( GEOMETRIC_REPRESENTATION_CONTEXT(2) 
PARAMETRIC_REPRESENTATION_CONTEXT() REPRESENTATION_CONTEXT('2D SPACE',''
  ) );
#1282 = PCURVE('',#1283,#1288);
#1283 = PLANE('',#1284);
#1284 = AXIS2_PLACEMENT_3D('',#1285,#1286,#1287);
#1285 = CARTESIAN_POINT('',(20.,-29.,3.));
#1286 = DIRECTION('',(0.,1.,0.));
#1287 = DIRECTION('',(0.,-0.,1.));
#1288 = DEFINITIONAL_REPRESENTATION('',(#1289),#1292);
#1289 = B_SPLINE_CURVE_WITH_KNOTS('',1,(#1290,#1291),.UNSPECIFIED.,.F.,
  .F.,(2,2),(-0.675,2.025),.PIECEWISE_BEZIER_KNOTS.);
#1290 = CARTESIAN_POINT('',(-1.35,0.));
#1291 = CARTESIAN_POINT('',(1.35,0.));
#1292 = ( GEOMETRIC_REPRESENTATION_CONTEXT(2) 
PARAMETRIC_REPRESENTATION_CONTEXT() REPRESENTATION_CONTEXT('2D SPACE',''
  ) );
#1293 = ADVANCED_FACE('',(#1294),#1283,.F.);
#1294 = FACE_BOUND('',#1295,.F.);
#1295 = EDGE_LOOP('',(#1296,#1323));
#1296 = ORIENTED_EDGE('',*,*,#1297,.T.);
#1297 = EDGE_CURVE('',#1224,#1248,#1298,.T.);
#1298 = SURFACE_CURVE('',#1299,(#1304,#1311),.PCURVE_S1.);
#1299 = CIRCLE('',#1300,1.35);
#1300 = AXIS2_PLACEMENT_3D('',#1301,#1302,#1303);
#1301 = CARTESIAN_POINT('',(20.,-29.,3.));
#1302 = DIRECTION('',(0.,1.,0.));
#1303 = DIRECTION('',(7.894919286223E-15,-0.,1.));
#1304 = PCURVE('',#1283,#1305);
#1305 = DEFINITIONAL_REPRESENTATION('',(#1306),#1310);
#1306 = CIRCLE('',#1307,1.35);
#1307 = AXIS2_PLACEMENT_2D('',#1308,#1309);
#1308 = CARTESIAN_POINT('',(-4.440892098501E-16,0.));
#1309 = DIRECTION('',(1.,7.894919286223E-15));
#1310 = ( GEOMETRIC_REPRESENTATION_CONTEXT(2) 
PARAMETRIC_REPRESENTATION_CONTEXT() REPRESENTATION_CONTEXT('2D SPACE',''
  ) );
#1311 = PCURVE('',#1312,#1317);
#1312 = CYLINDRICAL_SURFACE('',#1313,1.35);
#1313 = AXIS2_PLACEMENT_3D('',#1314,#1315,#1316);
#1314 = CARTESIAN_POINT('',(20.,0.,3.));
#1315 = DIRECTION('',(-0.,1.,0.));
#1316 = DIRECTION('',(1.,0.,0.));
#1317 = DEFINITIONAL_REPRESENTATION('',(#1318),#1322);
#1318 = LINE('',#1319,#1320);
#1319 = CARTESIAN_POINT('',(4.712388980385,-29.));
#1320 = VECTOR('',#1321,1.);
#1321 = DIRECTION('',(1.,0.));
#1322 = ( GEOMETRIC_REPRESENTATION_CONTEXT(2) 
PARAMETRIC_REPRESENTATION_CONTEXT() REPRESENTATION_CONTEXT('2D SPACE',''
  ) );
#1323 = ORIENTED_EDGE('',*,*,#1270,.T.);
#1324 = ADVANCED_FACE('',(#1325),#1312,.T.);
#1325 = FACE_BOUND('',#1326,.T.);
#1326 = EDGE_LOOP('',(#1327,#1350,#1383,#1404));
#1327 = ORIENTED_EDGE('',*,*,#1328,.F.);
#1328 = EDGE_CURVE('',#1329,#1248,#1331,.T.);
#1329 = VERTEX_POINT('',#1330);
#1330 = CARTESIAN_POINT('',(20.,29.,1.65));
#1331 = SURFACE_CURVE('',#1332,(#1336,#1343),.PCURVE_S1.);
#1332 = LINE('',#1333,#1334);
#1333 = CARTESIAN_POINT('',(20.,29.,1.65));
#1334 = VECTOR('',#1335,1.);
#1335 = DIRECTION('',(0.,-1.,0.));
#1336 = PCURVE('',#1312,#1337);
#1337 = DEFINITIONAL_REPRESENTATION('',(#1338),#1342);
#1338 = LINE('',#1339,#1340);
#1339 = CARTESIAN_POINT('',(7.853981633974,29.));
#1340 = VECTOR('',#1341,1.);
#1341 = DIRECTION('',(0.,-1.));
#1342 = ( GEOMETRIC_REPRESENTATION_CONTEXT(2) 
PARAMETRIC_REPRESENTATION_CONTEXT() REPRESENTATION_CONTEXT('2D SPACE',''
  ) );
#1343 = PCURVE('',#44,#1344);
#1344 = DEFINITIONAL_REPRESENTATION('',(#1345),#1349);
#1345 = LINE('',#1346,#1347);
#1346 = CARTESIAN_POINT('',(20.,59.));
#1347 = VECTOR('',#1348,1.);
#1348 = DIRECTION('',(0.,-1.));
#1349 = ( GEOMETRIC_REPRESENTATION_CONTEXT(2) 
PARAMETRIC_REPRESENTATION_CONTEXT() REPRESENTATION_CONTEXT('2D SPACE',''
  ) );
#1350 = ORIENTED_EDGE('',*,*,#1351,.T.);
#1351 = EDGE_CURVE('',#1329,#1352,#1354,.T.);
#1352 = VERTEX_POINT('',#1353);
#1353 = CARTESIAN_POINT('',(20.,29.,4.35));
#1354 = SURFACE_CURVE('',#1355,(#1360,#1367),.PCURVE_S1.);
#1355 = CIRCLE('',#1356,1.35);
#1356 = AXIS2_PLACEMENT_3D('',#1357,#1358,#1359);
#1357 = CARTESIAN_POINT('',(20.,29.,3.));
#1358 = DIRECTION('',(0.,-1.,0.));
#1359 = DIRECTION('',(7.894919286223E-15,0.,-1.));
#1360 = PCURVE('',#1312,#1361);
#1361 = DEFINITIONAL_REPRESENTATION('',(#1362),#1366);
#1362 = LINE('',#1363,#1364);
#1363 = CARTESIAN_POINT('',(7.853981633974,29.));
#1364 = VECTOR('',#1365,1.);
#1365 = DIRECTION('',(-1.,0.));
#1366 = ( GEOMETRIC_REPRESENTATION_CONTEXT(2) 
PARAMETRIC_REPRESENTATION_CONTEXT() REPRESENTATION_CONTEXT('2D SPACE',''
  ) );
#1367 = PCURVE('',#1368,#1373);
#1368 = PLANE('',#1369);
#1369 = AXIS2_PLACEMENT_3D('',#1370,#1371,#1372);
#1370 = CARTESIAN_POINT('',(20.,29.,3.));
#1371 = DIRECTION('',(0.,1.,0.));
#1372 = DIRECTION('',(0.,-0.,1.));
#1373 = DEFINITIONAL_REPRESENTATION('',(#1374),#1382);
#1374 = ( BOUNDED_CURVE() B_SPLINE_CURVE(2,(#1375,#1376,#1377,#1378,
#1379,#1380,#1381),.UNSPECIFIED.,.T.,.F.) B_SPLINE_CURVE_WITH_KNOTS((1,2
    ,2,2,2,1),(-2.094395102393,0.,2.094395102393,4.188790204786,
6.28318530718,8.377580409573),.UNSPECIFIED.) CURVE() 
GEOMETRIC_REPRESENTATION_ITEM() RATIONAL_B_SPLINE_CURVE((1.,0.5,1.,0.5,
1.,0.5,1.)) REPRESENTATION_ITEM('') );
#1375 = CARTESIAN_POINT('',(-1.35,1.06581410364E-14));
#1376 = CARTESIAN_POINT('',(-1.35,2.338268590218));
#1377 = CARTESIAN_POINT('',(0.675,1.169134295109));
#1378 = CARTESIAN_POINT('',(2.7,-2.098562743703E-14));
#1379 = CARTESIAN_POINT('',(0.675,-1.169134295109));
#1380 = CARTESIAN_POINT('',(-1.35,-2.338268590218));
#1381 = CARTESIAN_POINT('',(-1.35,1.06581410364E-14));
#1382 = ( GEOMETRIC_REPRESENTATION_CONTEXT(2) 
PARAMETRIC_REPRESENTATION_CONTEXT() REPRESENTATION_CONTEXT('2D SPACE',''
  ) );
#1383 = ORIENTED_EDGE('',*,*,#1384,.F.);
#1384 = EDGE_CURVE('',#1224,#1352,#1385,.T.);
#1385 = SURFACE_CURVE('',#1386,(#1390,#1397),.PCURVE_S1.);
#1386 = LINE('',#1387,#1388);
#1387 = CARTESIAN_POINT('',(20.,-29.,4.35));
#1388 = VECTOR('',#1389,1.);
#1389 = DIRECTION('',(0.,1.,0.));
#1390 = PCURVE('',#1312,#1391);
#1391 = DEFINITIONAL_REPRESENTATION('',(#1392),#1396);
#1392 = LINE('',#1393,#1394);
#1393 = CARTESIAN_POINT('',(4.712388980385,-29.));
#1394 = VECTOR('',#1395,1.);
#1395 = DIRECTION('',(0.,1.));
#1396 = ( GEOMETRIC_REPRESENTATION_CONTEXT(2) 
PARAMETRIC_REPRESENTATION_CONTEXT() REPRESENTATION_CONTEXT('2D SPACE',''
  ) );
#1397 = PCURVE('',#210,#1398);
#1398 = DEFINITIONAL_REPRESENTATION('',(#1399),#1403);
#1399 = LINE('',#1400,#1401);
#1400 = CARTESIAN_POINT('',(20.,1.));
#1401 = VECTOR('',#1402,1.);
#1402 = DIRECTION('',(0.,1.));
#1403 = ( GEOMETRIC_REPRESENTATION_CONTEXT(2) 
PARAMETRIC_REPRESENTATION_CONTEXT() REPRESENTATION_CONTEXT('2D SPACE',''
  ) );
#1404 = ORIENTED_EDGE('',*,*,#1297,.T.);
#1405 = ADVANCED_FACE('',(#1406),#1368,.T.);
#1406 = FACE_BOUND('',#1407,.T.);
#1407 = EDGE_LOOP('',(#1408,#1432));
#1408 = ORIENTED_EDGE('',*,*,#1409,.T.);
#1409 = EDGE_CURVE('',#1329,#1352,#1410,.T.);
#1410 = SURFACE_CURVE('',#1411,(#1415,#1421),.PCURVE_S1.);
#1411 = LINE('',#1412,#1413);
#1412 = CARTESIAN_POINT('',(20.,29.,2.325));
#1413 = VECTOR('',#1414,1.);
#1414 = DIRECTION('',(0.,0.,1.));
#1415 = PCURVE('',#1368,#1416);
#1416 = DEFINITIONAL_REPRESENTATION('',(#1417),#1420);
#1417 = B_SPLINE_CURVE_WITH_KNOTS('',1,(#1418,#1419),.UNSPECIFIED.,.F.,
  .F.,(2,2),(-0.675,2.025),.PIECEWISE_BEZIER_KNOTS.);
#1418 = CARTESIAN_POINT('',(-1.35,0.));
#1419 = CARTESIAN_POINT('',(1.35,0.));
#1420 = ( GEOMETRIC_REPRESENTATION_CONTEXT(2) 
PARAMETRIC_REPRESENTATION_CONTEXT() REPRESENTATION_CONTEXT('2D SPACE',''
  ) );
#1421 = PCURVE('',#1422,#1427);
#1422 = PLANE('',#1423);
#1423 = AXIS2_PLACEMENT_3D('',#1424,#1425,#1426);
#1424 = CARTESIAN_POINT('',(20.,-30.,1.65));
#1425 = DIRECTION('',(1.,0.,0.));
#1426 = DIRECTION('',(0.,0.,1.));
#1427 = DEFINITIONAL_REPRESENTATION('',(#1428),#1431);
#1428 = B_SPLINE_CURVE_WITH_KNOTS('',1,(#1429,#1430),.UNSPECIFIED.,.F.,
  .F.,(2,2),(-0.675,2.025),.PIECEWISE_BEZIER_KNOTS.);
#1429 = CARTESIAN_POINT('',(0.,-59.));
#1430 = CARTESIAN_POINT('',(2.7,-59.));
#1431 = ( GEOMETRIC_REPRESENTATION_CONTEXT(2) 
PARAMETRIC_REPRESENTATION_CONTEXT() REPRESENTATION_CONTEXT('2D SPACE',''
  ) );
#1432 = ORIENTED_EDGE('',*,*,#1351,.F.);
#1433 = ADVANCED_FACE('',(#1434),#1422,.T.);
#1434 = FACE_BOUND('',#1435,.T.);
#1435 = EDGE_LOOP('',(#1436,#1459,#1460,#1483));
#1436 = ORIENTED_EDGE('',*,*,#1437,.F.);
#1437 = EDGE_CURVE('',#1352,#1438,#1440,.T.);
#1438 = VERTEX_POINT('',#1439);
#1439 = CARTESIAN_POINT('',(20.,30.,4.35));
#1440 = SURFACE_CURVE('',#1441,(#1445,#1452),.PCURVE_S1.);
#1441 = LINE('',#1442,#1443);
#1442 = CARTESIAN_POINT('',(20.,-30.,4.35));
#1443 = VECTOR('',#1444,1.);
#1444 = DIRECTION('',(0.,1.,0.));
#1445 = PCURVE('',#1422,#1446);
#1446 = DEFINITIONAL_REPRESENTATION('',(#1447),#1451);
#1447 = LINE('',#1448,#1449);
#1448 = CARTESIAN_POINT('',(2.7,0.));
#1449 = VECTOR('',#1450,1.);
#1450 = DIRECTION('',(0.,-1.));
#1451 = ( GEOMETRIC_REPRESENTATION_CONTEXT(2) 
PARAMETRIC_REPRESENTATION_CONTEXT() REPRESENTATION_CONTEXT('2D SPACE',''
  ) );
#1452 = PCURVE('',#210,#1453);
#1453 = DEFINITIONAL_REPRESENTATION('',(#1454),#1458);
#1454 = LINE('',#1455,#1456);
#1455 = CARTESIAN_POINT('',(20.,0.));
#1456 = VECTOR('',#1457,1.);
#1457 = DIRECTION('',(0.,1.));
#1458 = ( GEOMETRIC_REPRESENTATION_CONTEXT(2) 
PARAMETRIC_REPRESENTATION_CONTEXT() REPRESENTATION_CONTEXT('2D SPACE',''
  ) );
#1459 = ORIENTED_EDGE('',*,*,#1409,.F.);
#1460 = ORIENTED_EDGE('',*,*,#1461,.T.);
#1461 = EDGE_CURVE('',#1329,#1462,#1464,.T.);
#1462 = VERTEX_POINT('',#1463);
#1463 = CARTESIAN_POINT('',(20.,30.,1.65));
#1464 = SURFACE_CURVE('',#1465,(#1469,#1476),.PCURVE_S1.);
#1465 = LINE('',#1466,#1467);
#1466 = CARTESIAN_POINT('',(20.,-30.,1.65));
#1467 = VECTOR('',#1468,1.);
#1468 = DIRECTION('',(0.,1.,0.));
#1469 = PCURVE('',#1422,#1470);
#1470 = DEFINITIONAL_REPRESENTATION('',(#1471),#1475);
#1471 = LINE('',#1472,#1473);
#1472 = CARTESIAN_POINT('',(0.,0.));
#1473 = VECTOR('',#1474,1.);
#1474 = DIRECTION('',(0.,-1.));
#1475 = ( GEOMETRIC_REPRESENTATION_CONTEXT(2) 
PARAMETRIC_REPRESENTATION_CONTEXT() REPRESENTATION_CONTEXT('2D SPACE',''
  ) );
#1476 = PCURVE('',#44,#1477);
#1477 = DEFINITIONAL_REPRESENTATION('',(#1478),#1482);
#1478 = LINE('',#1479,#1480);
#1479 = CARTESIAN_POINT('',(20.,0.));
#1480 = VECTOR('',#1481,1.);
#1481 = DIRECTION('',(0.,1.));
#1482 = ( GEOMETRIC_REPRESENTATION_CONTEXT(2) 
PARAMETRIC_REPRESENTATION_CONTEXT() REPRESENTATION_CONTEXT('2D SPACE',''
  ) );
#1483 = ORIENTED_EDGE('',*,*,#1484,.T.);
#1484 = EDGE_CURVE('',#1462,#1438,#1485,.T.);
#1485 = SURFACE_CURVE('',#1486,(#1490,#1497),.PCURVE_S1.);
#1486 = LINE('',#1487,#1488);
#1487 = CARTESIAN_POINT('',(20.,30.,1.65));
#1488 = VECTOR('',#1489,1.);
#1489 = DIRECTION('',(0.,0.,1.));
#1490 = PCURVE('',#1422,#1491);
#1491 = DEFINITIONAL_REPRESENTATION('',(#1492),#1496);
#1492 = LINE('',#1493,#1494);
#1493 = CARTESIAN_POINT('',(0.,-60.));
#1494 = VECTOR('',#1495,1.);
#1495 = DIRECTION('',(1.,0.));
#1496 = ( GEOMETRIC_REPRESENTATION_CONTEXT(2) 
PARAMETRIC_REPRESENTATION_CONTEXT() REPRESENTATION_CONTEXT('2D SPACE',''
  ) );
#1497 = PCURVE('',#183,#1498);
#1498 = DEFINITIONAL_REPRESENTATION('',(#1499),#1503);
#1499 = LINE('',#1500,#1501);
#1500 = CARTESIAN_POINT('',(-1.35,20.));
#1501 = VECTOR('',#1502,1.);
#1502 = DIRECTION('',(1.,0.));
#1503 = ( GEOMETRIC_REPRESENTATION_CONTEXT(2) 
PARAMETRIC_REPRESENTATION_CONTEXT() REPRESENTATION_CONTEXT('2D SPACE',''
  ) );
#1504 = ADVANCED_FACE('',(#1505),#368,.T.);
#1505 = FACE_BOUND('',#1506,.T.);
#1506 = EDGE_LOOP('',(#1507,#1537,#1556,#1557,#1558));
#1507 = ORIENTED_EDGE('',*,*,#1508,.F.);
#1508 = EDGE_CURVE('',#1509,#1511,#1513,.T.);
#1509 = VERTEX_POINT('',#1510);
#1510 = CARTESIAN_POINT('',(4.8,-26.4,1.65));
#1511 = VERTEX_POINT('',#1512);
#1512 = CARTESIAN_POINT('',(4.8,-26.4,4.35));
#1513 = SURFACE_CURVE('',#1514,(#1518,#1525),.PCURVE_S1.);
#1514 = LINE('',#1515,#1516);
#1515 = CARTESIAN_POINT('',(4.8,-26.4,1.15));
#1516 = VECTOR('',#1517,1.);
#1517 = DIRECTION('',(0.,0.,1.));
#1518 = PCURVE('',#368,#1519);
#1519 = DEFINITIONAL_REPRESENTATION('',(#1520),#1524);
#1520 = LINE('',#1521,#1522);
#1521 = CARTESIAN_POINT('',(0.,4.8));
#1522 = VECTOR('',#1523,1.);
#1523 = DIRECTION('',(1.,0.));
#1524 = ( GEOMETRIC_REPRESENTATION_CONTEXT(2) 
PARAMETRIC_REPRESENTATION_CONTEXT() REPRESENTATION_CONTEXT('2D SPACE',''
  ) );
#1525 = PCURVE('',#1526,#1531);
#1526 = PLANE('',#1527);
#1527 = AXIS2_PLACEMENT_3D('',#1528,#1529,#1530);
#1528 = CARTESIAN_POINT('',(4.8,-26.4,1.15));
#1529 = DIRECTION('',(1.,0.,0.));
#1530 = DIRECTION('',(0.,0.,1.));
#1531 = DEFINITIONAL_REPRESENTATION('',(#1532),#1536);
#1532 = LINE('',#1533,#1534);
#1533 = CARTESIAN_POINT('',(0.,0.));
#1534 = VECTOR('',#1535,1.);
#1535 = DIRECTION('',(1.,0.));
#1536 = ( GEOMETRIC_REPRESENTATION_CONTEXT(2) 
PARAMETRIC_REPRESENTATION_CONTEXT() REPRESENTATION_CONTEXT('2D SPACE',''
  ) );
#1537 = ORIENTED_EDGE('',*,*,#1538,.T.);
#1538 = EDGE_CURVE('',#1509,#431,#1539,.T.);
#1539 = SURFACE_CURVE('',#1540,(#1544,#1550),.PCURVE_S1.);
#1540 = LINE('',#1541,#1542);
#1541 = CARTESIAN_POINT('',(0.,-26.4,1.65));
#1542 = VECTOR('',#1543,1.);
#1543 = DIRECTION('',(-1.,0.,0.));
#1544 = PCURVE('',#368,#1545);
#1545 = DEFINITIONAL_REPRESENTATION('',(#1546),#1549);
#1546 = B_SPLINE_CURVE_WITH_KNOTS('',1,(#1547,#1548),.UNSPECIFIED.,.F.,
  .F.,(2,2),(-4.8,0.),.PIECEWISE_BEZIER_KNOTS.);
#1547 = CARTESIAN_POINT('',(0.5,4.8));
#1548 = CARTESIAN_POINT('',(0.5,0.));
#1549 = ( GEOMETRIC_REPRESENTATION_CONTEXT(2) 
PARAMETRIC_REPRESENTATION_CONTEXT() REPRESENTATION_CONTEXT('2D SPACE',''
  ) );
#1550 = PCURVE('',#44,#1551);
#1551 = DEFINITIONAL_REPRESENTATION('',(#1552),#1555);
#1552 = B_SPLINE_CURVE_WITH_KNOTS('',1,(#1553,#1554),.UNSPECIFIED.,.F.,
  .F.,(2,2),(-4.8,0.),.PIECEWISE_BEZIER_KNOTS.);
#1553 = CARTESIAN_POINT('',(4.8,3.6));
#1554 = CARTESIAN_POINT('',(0.,3.6));
#1555 = ( GEOMETRIC_REPRESENTATION_CONTEXT(2) 
PARAMETRIC_REPRESENTATION_CONTEXT() REPRESENTATION_CONTEXT('2D SPACE',''
  ) );
#1556 = ORIENTED_EDGE('',*,*,#451,.F.);
#1557 = ORIENTED_EDGE('',*,*,#351,.F.);
#1558 = ORIENTED_EDGE('',*,*,#1559,.F.);
#1559 = EDGE_CURVE('',#1511,#352,#1560,.T.);
#1560 = SURFACE_CURVE('',#1561,(#1565,#1571),.PCURVE_S1.);
#1561 = LINE('',#1562,#1563);
#1562 = CARTESIAN_POINT('',(0.,-26.4,4.35));
#1563 = VECTOR('',#1564,1.);
#1564 = DIRECTION('',(-1.,0.,0.));
#1565 = PCURVE('',#368,#1566);
#1566 = DEFINITIONAL_REPRESENTATION('',(#1567),#1570);
#1567 = B_SPLINE_CURVE_WITH_KNOTS('',1,(#1568,#1569),.UNSPECIFIED.,.F.,
  .F.,(2,2),(-4.8,0.),.PIECEWISE_BEZIER_KNOTS.);
#1568 = CARTESIAN_POINT('',(3.2,4.8));
#1569 = CARTESIAN_POINT('',(3.2,0.));
#1570 = ( GEOMETRIC_REPRESENTATION_CONTEXT(2) 
PARAMETRIC_REPRESENTATION_CONTEXT() REPRESENTATION_CONTEXT('2D SPACE',''
  ) );
#1571 = PCURVE('',#210,#1572);
#1572 = DEFINITIONAL_REPRESENTATION('',(#1573),#1576);
#1573 = B_SPLINE_CURVE_WITH_KNOTS('',1,(#1574,#1575),.UNSPECIFIED.,.F.,
  .F.,(2,2),(-4.8,0.),.PIECEWISE_BEZIER_KNOTS.);
#1574 = CARTESIAN_POINT('',(4.8,3.6));
#1575 = CARTESIAN_POINT('',(0.,3.6));
#1576 = ( GEOMETRIC_REPRESENTATION_CONTEXT(2) 
PARAMETRIC_REPRESENTATION_CONTEXT() REPRESENTATION_CONTEXT('2D SPACE',''
  ) );
#1577 = ADVANCED_FACE('',(#1578),#1526,.F.);
#1578 = FACE_BOUND('',#1579,.F.);
#1579 = EDGE_LOOP('',(#1580,#1581,#1602,#1625));
#1580 = ORIENTED_EDGE('',*,*,#1508,.F.);
#1581 = ORIENTED_EDGE('',*,*,#1582,.T.);
#1582 = EDGE_CURVE('',#1509,#1583,#1585,.T.);
#1583 = VERTEX_POINT('',#1584);
#1584 = CARTESIAN_POINT('',(4.8,-17.6,1.65));
#1585 = SURFACE_CURVE('',#1586,(#1590,#1596),.PCURVE_S1.);
#1586 = LINE('',#1587,#1588);
#1587 = CARTESIAN_POINT('',(4.8,-28.2,1.65));
#1588 = VECTOR('',#1589,1.);
#1589 = DIRECTION('',(0.,1.,0.));
#1590 = PCURVE('',#1526,#1591);
#1591 = DEFINITIONAL_REPRESENTATION('',(#1592),#1595);
#1592 = B_SPLINE_CURVE_WITH_KNOTS('',1,(#1593,#1594),.UNSPECIFIED.,.F.,
  .F.,(2,2),(1.8,10.6),.PIECEWISE_BEZIER_KNOTS.);
#1593 = CARTESIAN_POINT('',(0.5,0.));
#1594 = CARTESIAN_POINT('',(0.5,-8.8));
#1595 = ( GEOMETRIC_REPRESENTATION_CONTEXT(2) 
PARAMETRIC_REPRESENTATION_CONTEXT() REPRESENTATION_CONTEXT('2D SPACE',''
  ) );
#1596 = PCURVE('',#44,#1597);
#1597 = DEFINITIONAL_REPRESENTATION('',(#1598),#1601);
#1598 = B_SPLINE_CURVE_WITH_KNOTS('',1,(#1599,#1600),.UNSPECIFIED.,.F.,
  .F.,(2,2),(1.8,10.6),.PIECEWISE_BEZIER_KNOTS.);
#1599 = CARTESIAN_POINT('',(4.8,3.6));
#1600 = CARTESIAN_POINT('',(4.8,12.4));
#1601 = ( GEOMETRIC_REPRESENTATION_CONTEXT(2) 
PARAMETRIC_REPRESENTATION_CONTEXT() REPRESENTATION_CONTEXT('2D SPACE',''
  ) );
#1602 = ORIENTED_EDGE('',*,*,#1603,.T.);
#1603 = EDGE_CURVE('',#1583,#1604,#1606,.T.);
#1604 = VERTEX_POINT('',#1605);
#1605 = CARTESIAN_POINT('',(4.8,-17.6,4.35));
#1606 = SURFACE_CURVE('',#1607,(#1611,#1618),.PCURVE_S1.);
#1607 = LINE('',#1608,#1609);
#1608 = CARTESIAN_POINT('',(4.8,-17.6,1.15));
#1609 = VECTOR('',#1610,1.);
#1610 = DIRECTION('',(0.,0.,1.));
#1611 = PCURVE('',#1526,#1612);
#1612 = DEFINITIONAL_REPRESENTATION('',(#1613),#1617);
#1613 = LINE('',#1614,#1615);
#1614 = CARTESIAN_POINT('',(0.,-8.8));
#1615 = VECTOR('',#1616,1.);
#1616 = DIRECTION('',(1.,0.));
#1617 = ( GEOMETRIC_REPRESENTATION_CONTEXT(2) 
PARAMETRIC_REPRESENTATION_CONTEXT() REPRESENTATION_CONTEXT('2D SPACE',''
  ) );
#1618 = PCURVE('',#316,#1619);
#1619 = DEFINITIONAL_REPRESENTATION('',(#1620),#1624);
#1620 = LINE('',#1621,#1622);
#1621 = CARTESIAN_POINT('',(0.,4.8));
#1622 = VECTOR('',#1623,1.);
#1623 = DIRECTION('',(1.,0.));
#1624 = ( GEOMETRIC_REPRESENTATION_CONTEXT(2) 
PARAMETRIC_REPRESENTATION_CONTEXT() REPRESENTATION_CONTEXT('2D SPACE',''
  ) );
#1625 = ORIENTED_EDGE('',*,*,#1626,.F.);
#1626 = EDGE_CURVE('',#1511,#1604,#1627,.T.);
#1627 = SURFACE_CURVE('',#1628,(#1632,#1638),.PCURVE_S1.);
#1628 = LINE('',#1629,#1630);
#1629 = CARTESIAN_POINT('',(4.8,-28.2,4.35));
#1630 = VECTOR('',#1631,1.);
#1631 = DIRECTION('',(0.,1.,0.));
#1632 = PCURVE('',#1526,#1633);
#1633 = DEFINITIONAL_REPRESENTATION('',(#1634),#1637);
#1634 = B_SPLINE_CURVE_WITH_KNOTS('',1,(#1635,#1636),.UNSPECIFIED.,.F.,
  .F.,(2,2),(1.8,10.6),.PIECEWISE_BEZIER_KNOTS.);
#1635 = CARTESIAN_POINT('',(3.2,0.));
#1636 = CARTESIAN_POINT('',(3.2,-8.8));
#1637 = ( GEOMETRIC_REPRESENTATION_CONTEXT(2) 
PARAMETRIC_REPRESENTATION_CONTEXT() REPRESENTATION_CONTEXT('2D SPACE',''
  ) );
#1638 = PCURVE('',#210,#1639);
#1639 = DEFINITIONAL_REPRESENTATION('',(#1640),#1643);
#1640 = B_SPLINE_CURVE_WITH_KNOTS('',1,(#1641,#1642),.UNSPECIFIED.,.F.,
  .F.,(2,2),(1.8,10.6),.PIECEWISE_BEZIER_KNOTS.);
#1641 = CARTESIAN_POINT('',(4.8,3.6));
#1642 = CARTESIAN_POINT('',(4.8,12.4));
#1643 = ( GEOMETRIC_REPRESENTATION_CONTEXT(2) 
PARAMETRIC_REPRESENTATION_CONTEXT() REPRESENTATION_CONTEXT('2D SPACE',''
  ) );
#1644 = ADVANCED_FACE('',(#1645),#316,.F.);
#1645 = FACE_BOUND('',#1646,.F.);
#1646 = EDGE_LOOP('',(#1647,#1648,#1667,#1668,#1669));
#1647 = ORIENTED_EDGE('',*,*,#1603,.F.);
#1648 = ORIENTED_EDGE('',*,*,#1649,.T.);
#1649 = EDGE_CURVE('',#1583,#24,#1650,.T.);
#1650 = SURFACE_CURVE('',#1651,(#1655,#1661),.PCURVE_S1.);
#1651 = LINE('',#1652,#1653);
#1652 = CARTESIAN_POINT('',(0.,-17.6,1.65));
#1653 = VECTOR('',#1654,1.);
#1654 = DIRECTION('',(-1.,0.,0.));
#1655 = PCURVE('',#316,#1656);
#1656 = DEFINITIONAL_REPRESENTATION('',(#1657),#1660);
#1657 = B_SPLINE_CURVE_WITH_KNOTS('',1,(#1658,#1659),.UNSPECIFIED.,.F.,
  .F.,(2,2),(-4.8,0.),.PIECEWISE_BEZIER_KNOTS.);
#1658 = CARTESIAN_POINT('',(0.5,4.8));
#1659 = CARTESIAN_POINT('',(0.5,0.));
#1660 = ( GEOMETRIC_REPRESENTATION_CONTEXT(2) 
PARAMETRIC_REPRESENTATION_CONTEXT() REPRESENTATION_CONTEXT('2D SPACE',''
  ) );
#1661 = PCURVE('',#44,#1662);
#1662 = DEFINITIONAL_REPRESENTATION('',(#1663),#1666);
#1663 = B_SPLINE_CURVE_WITH_KNOTS('',1,(#1664,#1665),.UNSPECIFIED.,.F.,
  .F.,(2,2),(-4.8,0.),.PIECEWISE_BEZIER_KNOTS.);
#1664 = CARTESIAN_POINT('',(4.8,12.4));
#1665 = CARTESIAN_POINT('',(0.,12.4));
#1666 = ( GEOMETRIC_REPRESENTATION_CONTEXT(2) 
PARAMETRIC_REPRESENTATION_CONTEXT() REPRESENTATION_CONTEXT('2D SPACE',''
  ) );
#1667 = ORIENTED_EDGE('',*,*,#474,.F.);
#1668 = ORIENTED_EDGE('',*,*,#299,.F.);
#1669 = ORIENTED_EDGE('',*,*,#1670,.F.);
#1670 = EDGE_CURVE('',#1604,#277,#1671,.T.);
#1671 = SURFACE_CURVE('',#1672,(#1676,#1682),.PCURVE_S1.);
#1672 = LINE('',#1673,#1674);
#1673 = CARTESIAN_POINT('',(0.,-17.6,4.35));
#1674 = VECTOR('',#1675,1.);
#1675 = DIRECTION('',(-1.,0.,0.));
#1676 = PCURVE('',#316,#1677);
#1677 = DEFINITIONAL_REPRESENTATION('',(#1678),#1681);
#1678 = B_SPLINE_CURVE_WITH_KNOTS('',1,(#1679,#1680),.UNSPECIFIED.,.F.,
  .F.,(2,2),(-4.8,0.),.PIECEWISE_BEZIER_KNOTS.);
#1679 = CARTESIAN_POINT('',(3.2,4.8));
#1680 = CARTESIAN_POINT('',(3.2,0.));
#1681 = ( GEOMETRIC_REPRESENTATION_CONTEXT(2) 
PARAMETRIC_REPRESENTATION_CONTEXT() REPRESENTATION_CONTEXT('2D SPACE',''
  ) );
#1682 = PCURVE('',#210,#1683);
#1683 = DEFINITIONAL_REPRESENTATION('',(#1684),#1687);
#1684 = B_SPLINE_CURVE_WITH_KNOTS('',1,(#1685,#1686),.UNSPECIFIED.,.F.,
  .F.,(2,2),(-4.8,0.),.PIECEWISE_BEZIER_KNOTS.);
#1685 = CARTESIAN_POINT('',(4.8,12.4));
#1686 = CARTESIAN_POINT('',(0.,12.4));
#1687 = ( GEOMETRIC_REPRESENTATION_CONTEXT(2) 
PARAMETRIC_REPRESENTATION_CONTEXT() REPRESENTATION_CONTEXT('2D SPACE',''
  ) );
#1688 = ADVANCED_FACE('',(#1689,#1788,#1823),#210,.T.);
#1689 = FACE_BOUND('',#1690,.T.);
#1690 = EDGE_LOOP('',(#1691,#1692,#1693,#1694,#1695,#1696,#1717,#1718,
    #1739,#1765,#1784,#1785,#1786,#1787));
#1691 = ORIENTED_EDGE('',*,*,#380,.F.);
#1692 = ORIENTED_EDGE('',*,*,#1171,.T.);
#1693 = ORIENTED_EDGE('',*,*,#1223,.T.);
#1694 = ORIENTED_EDGE('',*,*,#1384,.T.);
#1695 = ORIENTED_EDGE('',*,*,#1437,.T.);
#1696 = ORIENTED_EDGE('',*,*,#1697,.F.);
#1697 = EDGE_CURVE('',#167,#1438,#1698,.T.);
#1698 = SURFACE_CURVE('',#1699,(#1703,#1710),.PCURVE_S1.);
#1699 = LINE('',#1700,#1701);
#1700 = CARTESIAN_POINT('',(0.,30.,4.35));
#1701 = VECTOR('',#1702,1.);
#1702 = DIRECTION('',(1.,0.,0.));
#1703 = PCURVE('',#210,#1704);
#1704 = DEFINITIONAL_REPRESENTATION('',(#1705),#1709);
#1705 = LINE('',#1706,#1707);
#1706 = CARTESIAN_POINT('',(0.,60.));
#1707 = VECTOR('',#1708,1.);
#1708 = DIRECTION('',(1.,0.));
#1709 = ( GEOMETRIC_REPRESENTATION_CONTEXT(2) 
PARAMETRIC_REPRESENTATION_CONTEXT() REPRESENTATION_CONTEXT('2D SPACE',''
  ) );
#1710 = PCURVE('',#183,#1711);
#1711 = DEFINITIONAL_REPRESENTATION('',(#1712),#1716);
#1712 = LINE('',#1713,#1714);
#1713 = CARTESIAN_POINT('',(1.35,1.139533443783E-16));
#1714 = VECTOR('',#1715,1.);
#1715 = DIRECTION('',(0.,1.));
#1716 = ( GEOMETRIC_REPRESENTATION_CONTEXT(2) 
PARAMETRIC_REPRESENTATION_CONTEXT() REPRESENTATION_CONTEXT('2D SPACE',''
  ) );
#1717 = ORIENTED_EDGE('',*,*,#195,.T.);
#1718 = ORIENTED_EDGE('',*,*,#1719,.F.);
#1719 = EDGE_CURVE('',#1720,#196,#1722,.T.);
#1720 = VERTEX_POINT('',#1721);
#1721 = CARTESIAN_POINT('',(4.8,26.4,4.35));
#1722 = SURFACE_CURVE('',#1723,(#1727,#1733),.PCURVE_S1.);
#1723 = LINE('',#1724,#1725);
#1724 = CARTESIAN_POINT('',(0.,26.4,4.35));
#1725 = VECTOR('',#1726,1.);
#1726 = DIRECTION('',(-1.,0.,0.));
#1727 = PCURVE('',#210,#1728);
#1728 = DEFINITIONAL_REPRESENTATION('',(#1729),#1732);
#1729 = B_SPLINE_CURVE_WITH_KNOTS('',1,(#1730,#1731),.UNSPECIFIED.,.F.,
  .F.,(2,2),(-4.8,0.),.PIECEWISE_BEZIER_KNOTS.);
#1730 = CARTESIAN_POINT('',(4.8,56.4));
#1731 = CARTESIAN_POINT('',(0.,56.4));
#1732 = ( GEOMETRIC_REPRESENTATION_CONTEXT(2) 
PARAMETRIC_REPRESENTATION_CONTEXT() REPRESENTATION_CONTEXT('2D SPACE',''
  ) );
#1733 = PCURVE('',#129,#1734);
#1734 = DEFINITIONAL_REPRESENTATION('',(#1735),#1738);
#1735 = B_SPLINE_CURVE_WITH_KNOTS('',1,(#1736,#1737),.UNSPECIFIED.,.F.,
  .F.,(2,2),(-4.8,0.),.PIECEWISE_BEZIER_KNOTS.);
#1736 = CARTESIAN_POINT('',(3.2,4.8));
#1737 = CARTESIAN_POINT('',(3.2,0.));
#1738 = ( GEOMETRIC_REPRESENTATION_CONTEXT(2) 
PARAMETRIC_REPRESENTATION_CONTEXT() REPRESENTATION_CONTEXT('2D SPACE',''
  ) );
#1739 = ORIENTED_EDGE('',*,*,#1740,.F.);
#1740 = EDGE_CURVE('',#1741,#1720,#1743,.T.);
#1741 = VERTEX_POINT('',#1742);
#1742 = CARTESIAN_POINT('',(4.8,17.6,4.35));
#1743 = SURFACE_CURVE('',#1744,(#1748,#1754),.PCURVE_S1.);
#1744 = LINE('',#1745,#1746);
#1745 = CARTESIAN_POINT('',(4.8,-6.2,4.35));
#1746 = VECTOR('',#1747,1.);
#1747 = DIRECTION('',(0.,1.,0.));
#1748 = PCURVE('',#210,#1749);
#1749 = DEFINITIONAL_REPRESENTATION('',(#1750),#1753);
#1750 = B_SPLINE_CURVE_WITH_KNOTS('',1,(#1751,#1752),.UNSPECIFIED.,.F.,
  .F.,(2,2),(23.8,32.6),.PIECEWISE_BEZIER_KNOTS.);
#1751 = CARTESIAN_POINT('',(4.8,47.6));
#1752 = CARTESIAN_POINT('',(4.8,56.4));
#1753 = ( GEOMETRIC_REPRESENTATION_CONTEXT(2) 
PARAMETRIC_REPRESENTATION_CONTEXT() REPRESENTATION_CONTEXT('2D SPACE',''
  ) );
#1754 = PCURVE('',#1755,#1760);
#1755 = PLANE('',#1756);
#1756 = AXIS2_PLACEMENT_3D('',#1757,#1758,#1759);
#1757 = CARTESIAN_POINT('',(4.8,17.6,1.15));
#1758 = DIRECTION('',(1.,0.,0.));
#1759 = DIRECTION('',(0.,0.,1.));
#1760 = DEFINITIONAL_REPRESENTATION('',(#1761),#1764);
#1761 = B_SPLINE_CURVE_WITH_KNOTS('',1,(#1762,#1763),.UNSPECIFIED.,.F.,
  .F.,(2,2),(23.8,32.6),.PIECEWISE_BEZIER_KNOTS.);
#1762 = CARTESIAN_POINT('',(3.2,0.));
#1763 = CARTESIAN_POINT('',(3.2,-8.8));
#1764 = ( GEOMETRIC_REPRESENTATION_CONTEXT(2) 
PARAMETRIC_REPRESENTATION_CONTEXT() REPRESENTATION_CONTEXT('2D SPACE',''
  ) );
#1765 = ORIENTED_EDGE('',*,*,#1766,.T.);
#1766 = EDGE_CURVE('',#1741,#249,#1767,.T.);
#1767 = SURFACE_CURVE('',#1768,(#1772,#1778),.PCURVE_S1.);
#1768 = LINE('',#1769,#1770);
#1769 = CARTESIAN_POINT('',(0.,17.6,4.35));
#1770 = VECTOR('',#1771,1.);
#1771 = DIRECTION('',(-1.,0.,0.));
#1772 = PCURVE('',#210,#1773);
#1773 = DEFINITIONAL_REPRESENTATION('',(#1774),#1777);
#1774 = B_SPLINE_CURVE_WITH_KNOTS('',1,(#1775,#1776),.UNSPECIFIED.,.F.,
  .F.,(2,2),(-4.8,0.),.PIECEWISE_BEZIER_KNOTS.);
#1775 = CARTESIAN_POINT('',(4.8,47.6));
#1776 = CARTESIAN_POINT('',(0.,47.6));
#1777 = ( GEOMETRIC_REPRESENTATION_CONTEXT(2) 
PARAMETRIC_REPRESENTATION_CONTEXT() REPRESENTATION_CONTEXT('2D SPACE',''
  ) );
#1778 = PCURVE('',#73,#1779);
#1779 = DEFINITIONAL_REPRESENTATION('',(#1780),#1783);
#1780 = B_SPLINE_CURVE_WITH_KNOTS('',1,(#1781,#1782),.UNSPECIFIED.,.F.,
  .F.,(2,2),(-4.8,0.),.PIECEWISE_BEZIER_KNOTS.);
#1781 = CARTESIAN_POINT('',(3.2,4.8));
#1782 = CARTESIAN_POINT('',(3.2,0.));
#1783 = ( GEOMETRIC_REPRESENTATION_CONTEXT(2) 
PARAMETRIC_REPRESENTATION_CONTEXT() REPRESENTATION_CONTEXT('2D SPACE',''
  ) );
#1784 = ORIENTED_EDGE('',*,*,#276,.F.);
#1785 = ORIENTED_EDGE('',*,*,#1670,.F.);
#1786 = ORIENTED_EDGE('',*,*,#1626,.F.);
#1787 = ORIENTED_EDGE('',*,*,#1559,.T.);
#1788 = FACE_BOUND('',#1789,.T.);
#1789 = EDGE_LOOP('',(#1790));
#1790 = ORIENTED_EDGE('',*,*,#1791,.T.);
#1791 = EDGE_CURVE('',#1792,#1792,#1794,.T.);
#1792 = VERTEX_POINT('',#1793);
#1793 = CARTESIAN_POINT('',(17.4,-14.,4.35));
#1794 = SURFACE_CURVE('',#1795,(#1800,#1811),.PCURVE_S1.);
#1795 = CIRCLE('',#1796,1.4);
#1796 = AXIS2_PLACEMENT_3D('',#1797,#1798,#1799);
#1797 = CARTESIAN_POINT('',(16.,-14.,4.35));
#1798 = DIRECTION('',(0.,0.,-1.));
#1799 = DIRECTION('',(1.,0.,0.));
#1800 = PCURVE('',#210,#1801);
#1801 = DEFINITIONAL_REPRESENTATION('',(#1802),#1810);
#1802 = ( BOUNDED_CURVE() B_SPLINE_CURVE(2,(#1803,#1804,#1805,#1806,
#1807,#1808,#1809),.UNSPECIFIED.,.T.,.F.) B_SPLINE_CURVE_WITH_KNOTS((1,2
    ,2,2,2,1),(-2.094395102393,0.,2.094395102393,4.188790204786,
6.28318530718,8.377580409573),.UNSPECIFIED.) CURVE() 
GEOMETRIC_REPRESENTATION_ITEM() RATIONAL_B_SPLINE_CURVE((1.,0.5,1.,0.5,
1.,0.5,1.)) REPRESENTATION_ITEM('') );
#1803 = CARTESIAN_POINT('',(17.4,16.));
#1804 = CARTESIAN_POINT('',(17.4,13.575128869404));
#1805 = CARTESIAN_POINT('',(15.3,14.787564434702));
#1806 = CARTESIAN_POINT('',(13.2,16.));
#1807 = CARTESIAN_POINT('',(15.3,17.212435565298));
#1808 = CARTESIAN_POINT('',(17.4,18.424871130596));
#1809 = CARTESIAN_POINT('',(17.4,16.));
#1810 = ( GEOMETRIC_REPRESENTATION_CONTEXT(2) 
PARAMETRIC_REPRESENTATION_CONTEXT() REPRESENTATION_CONTEXT('2D SPACE',''
  ) );
#1811 = PCURVE('',#1812,#1817);
#1812 = CYLINDRICAL_SURFACE('',#1813,1.4);
#1813 = AXIS2_PLACEMENT_3D('',#1814,#1815,#1816);
#1814 = CARTESIAN_POINT('',(16.,-14.,1.15));
#1815 = DIRECTION('',(-0.,-0.,-1.));
#1816 = DIRECTION('',(1.,0.,0.));
#1817 = DEFINITIONAL_REPRESENTATION('',(#1818),#1822);
#1818 = LINE('',#1819,#1820);
#1819 = CARTESIAN_POINT('',(-6.28318530718,-3.2));
#1820 = VECTOR('',#1821,1.);
#1821 = DIRECTION('',(1.,-0.));
#1822 = ( GEOMETRIC_REPRESENTATION_CONTEXT(2) 
PARAMETRIC_REPRESENTATION_CONTEXT() REPRESENTATION_CONTEXT('2D SPACE',''
  ) );
#1823 = FACE_BOUND('',#1824,.T.);
#1824 = EDGE_LOOP('',(#1825));
#1825 = ORIENTED_EDGE('',*,*,#1826,.T.);
#1826 = EDGE_CURVE('',#1827,#1827,#1829,.T.);
#1827 = VERTEX_POINT('',#1828);
#1828 = CARTESIAN_POINT('',(17.4,14.,4.35));
#1829 = SURFACE_CURVE('',#1830,(#1835,#1846),.PCURVE_S1.);
#1830 = CIRCLE('',#1831,1.4);
#1831 = AXIS2_PLACEMENT_3D('',#1832,#1833,#1834);
#1832 = CARTESIAN_POINT('',(16.,14.,4.35));
#1833 = DIRECTION('',(0.,0.,-1.));
#1834 = DIRECTION('',(1.,0.,0.));
#1835 = PCURVE('',#210,#1836);
#1836 = DEFINITIONAL_REPRESENTATION('',(#1837),#1845);
#1837 = ( BOUNDED_CURVE() B_SPLINE_CURVE(2,(#1838,#1839,#1840,#1841,
#1842,#1843,#1844),.UNSPECIFIED.,.T.,.F.) B_SPLINE_CURVE_WITH_KNOTS((1,2
    ,2,2,2,1),(-2.094395102393,0.,2.094395102393,4.188790204786,
6.28318530718,8.377580409573),.UNSPECIFIED.) CURVE() 
GEOMETRIC_REPRESENTATION_ITEM() RATIONAL_B_SPLINE_CURVE((1.,0.5,1.,0.5,
1.,0.5,1.)) REPRESENTATION_ITEM('') );
#1838 = CARTESIAN_POINT('',(17.4,44.));
#1839 = CARTESIAN_POINT('',(17.4,41.575128869404));
#1840 = CARTESIAN_POINT('',(15.3,42.787564434702));
#1841 = CARTESIAN_POINT('',(13.2,44.));
#1842 = CARTESIAN_POINT('',(15.3,45.212435565298));
#1843 = CARTESIAN_POINT('',(17.4,46.424871130596));
#1844 = CARTESIAN_POINT('',(17.4,44.));
#1845 = ( GEOMETRIC_REPRESENTATION_CONTEXT(2) 
PARAMETRIC_REPRESENTATION_CONTEXT() REPRESENTATION_CONTEXT('2D SPACE',''
  ) );
#1846 = PCURVE('',#1847,#1852);
#1847 = CYLINDRICAL_SURFACE('',#1848,1.4);
#1848 = AXIS2_PLACEMENT_3D('',#1849,#1850,#1851);
#1849 = CARTESIAN_POINT('',(16.,14.,1.15));
#1850 = DIRECTION('',(-0.,-0.,-1.));
#1851 = DIRECTION('',(1.,0.,0.));
#1852 = DEFINITIONAL_REPRESENTATION('',(#1853),#1857);
#1853 = LINE('',#1854,#1855);
#1854 = CARTESIAN_POINT('',(-6.28318530718,-3.2));
#1855 = VECTOR('',#1856,1.);
#1856 = DIRECTION('',(1.,-0.));
#1857 = ( GEOMETRIC_REPRESENTATION_CONTEXT(2) 
PARAMETRIC_REPRESENTATION_CONTEXT() REPRESENTATION_CONTEXT('2D SPACE',''
  ) );
#1858 = ADVANCED_FACE('',(#1859),#1847,.F.);
#1859 = FACE_BOUND('',#1860,.T.);
#1860 = EDGE_LOOP('',(#1861,#1889,#1910,#1911));
#1861 = ORIENTED_EDGE('',*,*,#1862,.T.);
#1862 = EDGE_CURVE('',#1863,#1863,#1865,.T.);
#1863 = VERTEX_POINT('',#1864);
#1864 = CARTESIAN_POINT('',(17.4,14.,1.65));
#1865 = SURFACE_CURVE('',#1866,(#1871,#1878),.PCURVE_S1.);
#1866 = CIRCLE('',#1867,1.4);
#1867 = AXIS2_PLACEMENT_3D('',#1868,#1869,#1870);
#1868 = CARTESIAN_POINT('',(16.,14.,1.65));
#1869 = DIRECTION('',(0.,0.,-1.));
#1870 = DIRECTION('',(1.,0.,0.));
#1871 = PCURVE('',#1847,#1872);
#1872 = DEFINITIONAL_REPRESENTATION('',(#1873),#1877);
#1873 = LINE('',#1874,#1875);
#1874 = CARTESIAN_POINT('',(-6.28318530718,-0.5));
#1875 = VECTOR('',#1876,1.);
#1876 = DIRECTION('',(1.,-0.));
#1877 = ( GEOMETRIC_REPRESENTATION_CONTEXT(2) 
PARAMETRIC_REPRESENTATION_CONTEXT() REPRESENTATION_CONTEXT('2D SPACE',''
  ) );
#1878 = PCURVE('',#44,#1879);
#1879 = DEFINITIONAL_REPRESENTATION('',(#1880),#1888);
#1880 = ( BOUNDED_CURVE() B_SPLINE_CURVE(2,(#1881,#1882,#1883,#1884,
#1885,#1886,#1887),.UNSPECIFIED.,.T.,.F.) B_SPLINE_CURVE_WITH_KNOTS((1,2
    ,2,2,2,1),(-2.094395102393,0.,2.094395102393,4.188790204786,
6.28318530718,8.377580409573),.UNSPECIFIED.) CURVE() 
GEOMETRIC_REPRESENTATION_ITEM() RATIONAL_B_SPLINE_CURVE((1.,0.5,1.,0.5,
1.,0.5,1.)) REPRESENTATION_ITEM('') );
#1881 = CARTESIAN_POINT('',(17.4,44.));
#1882 = CARTESIAN_POINT('',(17.4,41.575128869404));
#1883 = CARTESIAN_POINT('',(15.3,42.787564434702));
#1884 = CARTESIAN_POINT('',(13.2,44.));
#1885 = CARTESIAN_POINT('',(15.3,45.212435565298));
#1886 = CARTESIAN_POINT('',(17.4,46.424871130596));
#1887 = CARTESIAN_POINT('',(17.4,44.));
#1888 = ( GEOMETRIC_REPRESENTATION_CONTEXT(2) 
PARAMETRIC_REPRESENTATION_CONTEXT() REPRESENTATION_CONTEXT('2D SPACE',''
  ) );
#1889 = ORIENTED_EDGE('',*,*,#1890,.T.);
#1890 = EDGE_CURVE('',#1863,#1827,#1891,.T.);
#1891 = SEAM_CURVE('',#1892,(#1896,#1903),.PCURVE_S1.);
#1892 = LINE('',#1893,#1894);
#1893 = CARTESIAN_POINT('',(17.4,14.,1.15));
#1894 = VECTOR('',#1895,1.);
#1895 = DIRECTION('',(0.,0.,1.));
#1896 = PCURVE('',#1847,#1897);
#1897 = DEFINITIONAL_REPRESENTATION('',(#1898),#1902);
#1898 = LINE('',#1899,#1900);
#1899 = CARTESIAN_POINT('',(-6.28318530718,0.));
#1900 = VECTOR('',#1901,1.);
#1901 = DIRECTION('',(-0.,-1.));
#1902 = ( GEOMETRIC_REPRESENTATION_CONTEXT(2) 
PARAMETRIC_REPRESENTATION_CONTEXT() REPRESENTATION_CONTEXT('2D SPACE',''
  ) );
#1903 = PCURVE('',#1847,#1904);
#1904 = DEFINITIONAL_REPRESENTATION('',(#1905),#1909);
#1905 = LINE('',#1906,#1907);
#1906 = CARTESIAN_POINT('',(-0.,0.));
#1907 = VECTOR('',#1908,1.);
#1908 = DIRECTION('',(-0.,-1.));
#1909 = ( GEOMETRIC_REPRESENTATION_CONTEXT(2) 
PARAMETRIC_REPRESENTATION_CONTEXT() REPRESENTATION_CONTEXT('2D SPACE',''
  ) );
#1910 = ORIENTED_EDGE('',*,*,#1826,.F.);
#1911 = ORIENTED_EDGE('',*,*,#1890,.F.);
#1912 = ADVANCED_FACE('',(#1913),#1812,.F.);
#1913 = FACE_BOUND('',#1914,.T.);
#1914 = EDGE_LOOP('',(#1915,#1943,#1964,#1965));
#1915 = ORIENTED_EDGE('',*,*,#1916,.T.);
#1916 = EDGE_CURVE('',#1917,#1917,#1919,.T.);
#1917 = VERTEX_POINT('',#1918);
#1918 = CARTESIAN_POINT('',(17.4,-14.,1.65));
#1919 = SURFACE_CURVE('',#1920,(#1925,#1932),.PCURVE_S1.);
#1920 = CIRCLE('',#1921,1.4);
#1921 = AXIS2_PLACEMENT_3D('',#1922,#1923,#1924);
#1922 = CARTESIAN_POINT('',(16.,-14.,1.65));
#1923 = DIRECTION('',(0.,0.,-1.));
#1924 = DIRECTION('',(1.,0.,0.));
#1925 = PCURVE('',#1812,#1926);
#1926 = DEFINITIONAL_REPRESENTATION('',(#1927),#1931);
#1927 = LINE('',#1928,#1929);
#1928 = CARTESIAN_POINT('',(-6.28318530718,-0.5));
#1929 = VECTOR('',#1930,1.);
#1930 = DIRECTION('',(1.,-0.));
#1931 = ( GEOMETRIC_REPRESENTATION_CONTEXT(2) 
PARAMETRIC_REPRESENTATION_CONTEXT() REPRESENTATION_CONTEXT('2D SPACE',''
  ) );
#1932 = PCURVE('',#44,#1933);
#1933 = DEFINITIONAL_REPRESENTATION('',(#1934),#1942);
#1934 = ( BOUNDED_CURVE() B_SPLINE_CURVE(2,(#1935,#1936,#1937,#1938,
#1939,#1940,#1941),.UNSPECIFIED.,.T.,.F.) B_SPLINE_CURVE_WITH_KNOTS((1,2
    ,2,2,2,1),(-2.094395102393,0.,2.094395102393,4.188790204786,
6.28318530718,8.377580409573),.UNSPECIFIED.) CURVE() 
GEOMETRIC_REPRESENTATION_ITEM() RATIONAL_B_SPLINE_CURVE((1.,0.5,1.,0.5,
1.,0.5,1.)) REPRESENTATION_ITEM('') );
#1935 = CARTESIAN_POINT('',(17.4,16.));
#1936 = CARTESIAN_POINT('',(17.4,13.575128869404));
#1937 = CARTESIAN_POINT('',(15.3,14.787564434702));
#1938 = CARTESIAN_POINT('',(13.2,16.));
#1939 = CARTESIAN_POINT('',(15.3,17.212435565298));
#1940 = CARTESIAN_POINT('',(17.4,18.424871130596));
#1941 = CARTESIAN_POINT('',(17.4,16.));
#1942 = ( GEOMETRIC_REPRESENTATION_CONTEXT(2) 
PARAMETRIC_REPRESENTATION_CONTEXT() REPRESENTATION_CONTEXT('2D SPACE',''
  ) );
#1943 = ORIENTED_EDGE('',*,*,#1944,.T.);
#1944 = EDGE_CURVE('',#1917,#1792,#1945,.T.);
#1945 = SEAM_CURVE('',#1946,(#1950,#1957),.PCURVE_S1.);
#1946 = LINE('',#1947,#1948);
#1947 = CARTESIAN_POINT('',(17.4,-14.,1.15));
#1948 = VECTOR('',#1949,1.);
#1949 = DIRECTION('',(0.,0.,1.));
#1950 = PCURVE('',#1812,#1951);
#1951 = DEFINITIONAL_REPRESENTATION('',(#1952),#1956);
#1952 = LINE('',#1953,#1954);
#1953 = CARTESIAN_POINT('',(-6.28318530718,0.));
#1954 = VECTOR('',#1955,1.);
#1955 = DIRECTION('',(-0.,-1.));
#1956 = ( GEOMETRIC_REPRESENTATION_CONTEXT(2) 
PARAMETRIC_REPRESENTATION_CONTEXT() REPRESENTATION_CONTEXT('2D SPACE',''
  ) );
#1957 = PCURVE('',#1812,#1958);
#1958 = DEFINITIONAL_REPRESENTATION('',(#1959),#1963);
#1959 = LINE('',#1960,#1961);
#1960 = CARTESIAN_POINT('',(-0.,0.));
#1961 = VECTOR('',#1962,1.);
#1962 = DIRECTION('',(-0.,-1.));
#1963 = ( GEOMETRIC_REPRESENTATION_CONTEXT(2) 
PARAMETRIC_REPRESENTATION_CONTEXT() REPRESENTATION_CONTEXT('2D SPACE',''
  ) );
#1964 = ORIENTED_EDGE('',*,*,#1791,.F.);
#1965 = ORIENTED_EDGE('',*,*,#1944,.F.);
#1966 = ADVANCED_FACE('',(#1967),#1755,.F.);
#1967 = FACE_BOUND('',#1968,.F.);
#1968 = EDGE_LOOP('',(#1969,#1992,#2013,#2034));
#1969 = ORIENTED_EDGE('',*,*,#1970,.F.);
#1970 = EDGE_CURVE('',#1971,#1741,#1973,.T.);
#1971 = VERTEX_POINT('',#1972);
#1972 = CARTESIAN_POINT('',(4.8,17.6,1.65));
#1973 = SURFACE_CURVE('',#1974,(#1978,#1985),.PCURVE_S1.);
#1974 = LINE('',#1975,#1976);
#1975 = CARTESIAN_POINT('',(4.8,17.6,1.15));
#1976 = VECTOR('',#1977,1.);
#1977 = DIRECTION('',(0.,0.,1.));
#1978 = PCURVE('',#1755,#1979);
#1979 = DEFINITIONAL_REPRESENTATION('',(#1980),#1984);
#1980 = LINE('',#1981,#1982);
#1981 = CARTESIAN_POINT('',(0.,0.));
#1982 = VECTOR('',#1983,1.);
#1983 = DIRECTION('',(1.,0.));
#1984 = ( GEOMETRIC_REPRESENTATION_CONTEXT(2) 
PARAMETRIC_REPRESENTATION_CONTEXT() REPRESENTATION_CONTEXT('2D SPACE',''
  ) );
#1985 = PCURVE('',#73,#1986);
#1986 = DEFINITIONAL_REPRESENTATION('',(#1987),#1991);
#1987 = LINE('',#1988,#1989);
#1988 = CARTESIAN_POINT('',(0.,4.8));
#1989 = VECTOR('',#1990,1.);
#1990 = DIRECTION('',(1.,0.));
#1991 = ( GEOMETRIC_REPRESENTATION_CONTEXT(2) 
PARAMETRIC_REPRESENTATION_CONTEXT() REPRESENTATION_CONTEXT('2D SPACE',''
  ) );
#1992 = ORIENTED_EDGE('',*,*,#1993,.T.);
#1993 = EDGE_CURVE('',#1971,#1994,#1996,.T.);
#1994 = VERTEX_POINT('',#1995);
#1995 = CARTESIAN_POINT('',(4.8,26.4,1.65));
#1996 = SURFACE_CURVE('',#1997,(#2001,#2007),.PCURVE_S1.);
#1997 = LINE('',#1998,#1999);
#1998 = CARTESIAN_POINT('',(4.8,-6.2,1.65));
#1999 = VECTOR('',#2000,1.);
#2000 = DIRECTION('',(0.,1.,0.));
#2001 = PCURVE('',#1755,#2002);
#2002 = DEFINITIONAL_REPRESENTATION('',(#2003),#2006);
#2003 = B_SPLINE_CURVE_WITH_KNOTS('',1,(#2004,#2005),.UNSPECIFIED.,.F.,
  .F.,(2,2),(23.8,32.6),.PIECEWISE_BEZIER_KNOTS.);
#2004 = CARTESIAN_POINT('',(0.5,0.));
#2005 = CARTESIAN_POINT('',(0.5,-8.8));
#2006 = ( GEOMETRIC_REPRESENTATION_CONTEXT(2) 
PARAMETRIC_REPRESENTATION_CONTEXT() REPRESENTATION_CONTEXT('2D SPACE',''
  ) );
#2007 = PCURVE('',#44,#2008);
#2008 = DEFINITIONAL_REPRESENTATION('',(#2009),#2012);
#2009 = B_SPLINE_CURVE_WITH_KNOTS('',1,(#2010,#2011),.UNSPECIFIED.,.F.,
  .F.,(2,2),(23.8,32.6),.PIECEWISE_BEZIER_KNOTS.);
#2010 = CARTESIAN_POINT('',(4.8,47.6));
#2011 = CARTESIAN_POINT('',(4.8,56.4));
#2012 = ( GEOMETRIC_REPRESENTATION_CONTEXT(2) 
PARAMETRIC_REPRESENTATION_CONTEXT() REPRESENTATION_CONTEXT('2D SPACE',''
  ) );
#2013 = ORIENTED_EDGE('',*,*,#2014,.T.);
#2014 = EDGE_CURVE('',#1994,#1720,#2015,.T.);
#2015 = SURFACE_CURVE('',#2016,(#2020,#2027),.PCURVE_S1.);
#2016 = LINE('',#2017,#2018);
#2017 = CARTESIAN_POINT('',(4.8,26.4,1.15));
#2018 = VECTOR('',#2019,1.);
#2019 = DIRECTION('',(0.,0.,1.));
#2020 = PCURVE('',#1755,#2021);
#2021 = DEFINITIONAL_REPRESENTATION('',(#2022),#2026);
#2022 = LINE('',#2023,#2024);
#2023 = CARTESIAN_POINT('',(0.,-8.8));
#2024 = VECTOR('',#2025,1.);
#2025 = DIRECTION('',(1.,0.));
#2026 = ( GEOMETRIC_REPRESENTATION_CONTEXT(2) 
PARAMETRIC_REPRESENTATION_CONTEXT() REPRESENTATION_CONTEXT('2D SPACE',''
  ) );
#2027 = PCURVE('',#129,#2028);
#2028 = DEFINITIONAL_REPRESENTATION('',(#2029),#2033);
#2029 = LINE('',#2030,#2031);
#2030 = CARTESIAN_POINT('',(0.,4.8));
#2031 = VECTOR('',#2032,1.);
#2032 = DIRECTION('',(1.,0.));
#2033 = ( GEOMETRIC_REPRESENTATION_CONTEXT(2) 
PARAMETRIC_REPRESENTATION_CONTEXT() REPRESENTATION_CONTEXT('2D SPACE',''
  ) );
#2034 = ORIENTED_EDGE('',*,*,#1740,.F.);
#2035 = ADVANCED_FACE('',(#2036),#183,.T.);
#2036 = FACE_BOUND('',#2037,.T.);
#2037 = EDGE_LOOP('',(#2038,#2039,#2040,#2041));
#2038 = ORIENTED_EDGE('',*,*,#166,.T.);
#2039 = ORIENTED_EDGE('',*,*,#1697,.T.);
#2040 = ORIENTED_EDGE('',*,*,#1484,.F.);
#2041 = ORIENTED_EDGE('',*,*,#2042,.F.);
#2042 = EDGE_CURVE('',#146,#1462,#2043,.T.);
#2043 = SURFACE_CURVE('',#2044,(#2048,#2055),.PCURVE_S1.);
#2044 = LINE('',#2045,#2046);
#2045 = CARTESIAN_POINT('',(0.,30.,1.65));
#2046 = VECTOR('',#2047,1.);
#2047 = DIRECTION('',(1.,0.,0.));
#2048 = PCURVE('',#183,#2049);
#2049 = DEFINITIONAL_REPRESENTATION('',(#2050),#2054);
#2050 = LINE('',#2051,#2052);
#2051 = CARTESIAN_POINT('',(-1.35,1.139533443783E-16));
#2052 = VECTOR('',#2053,1.);
#2053 = DIRECTION('',(0.,1.));
#2054 = ( GEOMETRIC_REPRESENTATION_CONTEXT(2) 
PARAMETRIC_REPRESENTATION_CONTEXT() REPRESENTATION_CONTEXT('2D SPACE',''
  ) );
#2055 = PCURVE('',#44,#2056);
#2056 = DEFINITIONAL_REPRESENTATION('',(#2057),#2061);
#2057 = LINE('',#2058,#2059);
#2058 = CARTESIAN_POINT('',(0.,60.));
#2059 = VECTOR('',#2060,1.);
#2060 = DIRECTION('',(1.,0.));
#2061 = ( GEOMETRIC_REPRESENTATION_CONTEXT(2) 
PARAMETRIC_REPRESENTATION_CONTEXT() REPRESENTATION_CONTEXT('2D SPACE',''
  ) );
#2062 = ADVANCED_FACE('',(#2063),#129,.F.);
#2063 = FACE_BOUND('',#2064,.F.);
#2064 = EDGE_LOOP('',(#2065,#2066,#2085,#2086,#2087));
#2065 = ORIENTED_EDGE('',*,*,#2014,.F.);
#2066 = ORIENTED_EDGE('',*,*,#2067,.T.);
#2067 = EDGE_CURVE('',#1994,#113,#2068,.T.);
#2068 = SURFACE_CURVE('',#2069,(#2073,#2079),.PCURVE_S1.);
#2069 = LINE('',#2070,#2071);
#2070 = CARTESIAN_POINT('',(0.,26.4,1.65));
#2071 = VECTOR('',#2072,1.);
#2072 = DIRECTION('',(-1.,0.,0.));
#2073 = PCURVE('',#129,#2074);
#2074 = DEFINITIONAL_REPRESENTATION('',(#2075),#2078);
#2075 = B_SPLINE_CURVE_WITH_KNOTS('',1,(#2076,#2077),.UNSPECIFIED.,.F.,
  .F.,(2,2),(-4.8,0.),.PIECEWISE_BEZIER_KNOTS.);
#2076 = CARTESIAN_POINT('',(0.5,4.8));
#2077 = CARTESIAN_POINT('',(0.5,0.));
#2078 = ( GEOMETRIC_REPRESENTATION_CONTEXT(2) 
PARAMETRIC_REPRESENTATION_CONTEXT() REPRESENTATION_CONTEXT('2D SPACE',''
  ) );
#2079 = PCURVE('',#44,#2080);
#2080 = DEFINITIONAL_REPRESENTATION('',(#2081),#2084);
#2081 = B_SPLINE_CURVE_WITH_KNOTS('',1,(#2082,#2083),.UNSPECIFIED.,.F.,
  .F.,(2,2),(-4.8,0.),.PIECEWISE_BEZIER_KNOTS.);
#2082 = CARTESIAN_POINT('',(4.8,56.4));
#2083 = CARTESIAN_POINT('',(0.,56.4));
#2084 = ( GEOMETRIC_REPRESENTATION_CONTEXT(2) 
PARAMETRIC_REPRESENTATION_CONTEXT() REPRESENTATION_CONTEXT('2D SPACE',''
  ) );
#2085 = ORIENTED_EDGE('',*,*,#112,.T.);
#2086 = ORIENTED_EDGE('',*,*,#221,.T.);
#2087 = ORIENTED_EDGE('',*,*,#1719,.F.);
#2088 = ADVANCED_FACE('',(#2089),#73,.T.);
#2089 = FACE_BOUND('',#2090,.T.);
#2090 = EDGE_LOOP('',(#2091,#2092,#2111,#2112,#2113));
#2091 = ORIENTED_EDGE('',*,*,#1970,.F.);
#2092 = ORIENTED_EDGE('',*,*,#2093,.T.);
#2093 = EDGE_CURVE('',#1971,#22,#2094,.T.);
#2094 = SURFACE_CURVE('',#2095,(#2099,#2105),.PCURVE_S1.);
#2095 = LINE('',#2096,#2097);
#2096 = CARTESIAN_POINT('',(0.,17.6,1.65));
#2097 = VECTOR('',#2098,1.);
#2098 = DIRECTION('',(-1.,0.,0.));
#2099 = PCURVE('',#73,#2100);
#2100 = DEFINITIONAL_REPRESENTATION('',(#2101),#2104);
#2101 = B_SPLINE_CURVE_WITH_KNOTS('',1,(#2102,#2103),.UNSPECIFIED.,.F.,
  .F.,(2,2),(-4.8,0.),.PIECEWISE_BEZIER_KNOTS.);
#2102 = CARTESIAN_POINT('',(0.5,4.8));
#2103 = CARTESIAN_POINT('',(0.5,0.));
#2104 = ( GEOMETRIC_REPRESENTATION_CONTEXT(2) 
PARAMETRIC_REPRESENTATION_CONTEXT() REPRESENTATION_CONTEXT('2D SPACE',''
  ) );
#2105 = PCURVE('',#44,#2106);
#2106 = DEFINITIONAL_REPRESENTATION('',(#2107),#2110);
#2107 = B_SPLINE_CURVE_WITH_KNOTS('',1,(#2108,#2109),.UNSPECIFIED.,.F.,
  .F.,(2,2),(-4.8,0.),.PIECEWISE_BEZIER_KNOTS.);
#2108 = CARTESIAN_POINT('',(4.8,47.6));
#2109 = CARTESIAN_POINT('',(0.,47.6));
#2110 = ( GEOMETRIC_REPRESENTATION_CONTEXT(2) 
PARAMETRIC_REPRESENTATION_CONTEXT() REPRESENTATION_CONTEXT('2D SPACE',''
  ) );
#2111 = ORIENTED_EDGE('',*,*,#56,.T.);
#2112 = ORIENTED_EDGE('',*,*,#248,.T.);
#2113 = ORIENTED_EDGE('',*,*,#1766,.F.);
#2114 = ADVANCED_FACE('',(#2115,#2131,#2134),#44,.F.);
#2115 = FACE_BOUND('',#2116,.F.);
#2116 = EDGE_LOOP('',(#2117,#2118,#2119,#2120,#2121,#2122,#2123,#2124,
    #2125,#2126,#2127,#2128,#2129,#2130));
#2117 = ORIENTED_EDGE('',*,*,#430,.F.);
#2118 = ORIENTED_EDGE('',*,*,#1147,.T.);
#2119 = ORIENTED_EDGE('',*,*,#1247,.T.);
#2120 = ORIENTED_EDGE('',*,*,#1328,.F.);
#2121 = ORIENTED_EDGE('',*,*,#1461,.T.);
#2122 = ORIENTED_EDGE('',*,*,#2042,.F.);
#2123 = ORIENTED_EDGE('',*,*,#145,.T.);
#2124 = ORIENTED_EDGE('',*,*,#2067,.F.);
#2125 = ORIENTED_EDGE('',*,*,#1993,.F.);
#2126 = ORIENTED_EDGE('',*,*,#2093,.T.);
#2127 = ORIENTED_EDGE('',*,*,#21,.T.);
#2128 = ORIENTED_EDGE('',*,*,#1649,.F.);
#2129 = ORIENTED_EDGE('',*,*,#1582,.F.);
#2130 = ORIENTED_EDGE('',*,*,#1538,.T.);
#2131 = FACE_BOUND('',#2132,.F.);
#2132 = EDGE_LOOP('',(#2133));
#2133 = ORIENTED_EDGE('',*,*,#1916,.T.);
#2134 = FACE_BOUND('',#2135,.F.);
#2135 = EDGE_LOOP('',(#2136));
#2136 = ORIENTED_EDGE('',*,*,#1862,.T.);
#2137 = ( GEOMETRIC_REPRESENTATION_CONTEXT(3) 
GLOBAL_UNCERTAINTY_ASSIGNED_CONTEXT((#2141)) 
GLOBAL_UNIT_ASSIGNED_CONTEXT((#2138,#2139,#2140)) REPRESENTATION_CONTEXT
('Context #1','3D Context with UNIT and UNCERTAINTY') );
#2138 = ( LENGTH_UNIT() NAMED_UNIT(*) SI_UNIT(.MILLI.,.METRE.) );
#2139 = ( NAMED_UNIT(*) PLANE_ANGLE_UNIT() SI_UNIT($,.RADIAN.) );
#2140 = ( NAMED_UNIT(*) SI_UNIT($,.STERADIAN.) SOLID_ANGLE_UNIT() );
#2141 = UNCERTAINTY_MEASURE_WITH_UNIT(LENGTH_MEASURE(1.E-07),#2138,
  'distance_accuracy_value','confusion accuracy');
#2142 = PRODUCT_RELATED_PRODUCT_CATEGORY('part',$,(#7));
ENDSEC;
END-ISO-10303-21;
